,num__Age,num__Weight (kg),num__Height (m),num__Resting_BPM,num__Session_Duration (hours),num__Fat_Percentage,num__Water_Intake (liters),num__Workout_Frequency (days/week),num__Experience_Level,num__BMI,cat__Gender_Female,cat__Gender_Male,cat__Workout_Type_Cardio,cat__Workout_Type_HIIT,cat__Workout_Type_Strength,cat__Workout_Type_Yoga
967,-1.5415127331803196,-0.875872762451073,-0.9715586121831894,0.6477365522283739,-0.4175253490988873,-0.1656642789491495,0.9411727015877115,0.7309960716945422,0.24940450108744586,-0.4677105574630674,0.0,1.0,0.0,0.0,0.0,1.0
365,0.025673670609310632,-0.5886501364229544,-0.5860600037123536,0.10840256057420003,-1.009454066721008,0.40408835952204797,-1.5468713799904465,-0.37502002876513624,-1.1052746235242203,-0.3329412621529753,1.0,0.0,0.0,1.0,0.0,0.0
559,1.2629260946537555,0.18069618329521997,-0.04636195185318095,-0.2960979331664304,-0.8614718873154781,0.21417081336498178,-1.215132169113359,-0.37502002876513624,-1.1052746235242203,0.2355087142190787,1.0,0.0,1.0,0.0,0.0,0.0
33,-1.2115787534351343,-0.6758427193243476,-1.665456107430697,0.7825700501419174,-0.6542968361477357,1.0529733088920223,-0.21991453648209575,-1.4810361292248146,-1.1052746235242203,0.2838874356124446,1.0,0.0,1.0,0.0,0.0,0.0
31,-1.5415127331803196,-0.34245931411313824,-1.5883563857365295,-1.644432912301865,-0.6838932720288418,0.4673942082410697,-0.717523352797727,0.7309960716945422,0.24940450108744586,0.7123846822394034,1.0,0.0,0.0,0.0,0.0,1.0
870,-1.6239962281166158,-0.3988780442258048,-0.7402594471006886,-0.7005984269070609,1.8022073419840645,-1.1152520097344782,0.11182467439499223,1.8370121721542205,1.6040836256991122,0.002254164643919451,1.0,0.0,1.0,0.0,0.0,0.0
192,-1.6239962281166158,-0.35271726504271406,-1.5883563857365295,1.1870705438825477,-0.09196455440672135,0.8788822249147124,-0.38578414192063976,-0.37502002876513624,-1.1052746235242203,0.6968343789343929,1.0,0.0,1.0,0.0,0.0,0.0
312,1.2629260946537555,0.32430749630927985,1.3414330386418325,1.3219040417960912,-1.3350148614131743,-0.5613258334430364,1.7705207287804308,-1.4810361292248146,-1.1052746235242203,-0.4262430819830394,0.0,1.0,0.0,0.0,0.0,1.0
483,1.1804425997174592,-1.0092261245355567,-1.2028577772656919,1.1870705438825477,0.2335962402854452,0.5148735947803362,-0.717523352797727,-0.37502002876513624,0.24940450108744586,-0.5057224099864265,1.0,0.0,0.0,1.0,0.0,0.0
551,-0.7166777838173563,2.119448908985021,1.418532760336,-1.1050989206476913,0.026421189117702856,-0.45054059818474823,1.7705207287804308,-0.37502002876513624,-1.1052746235242203,1.190988461738063,0.0,1.0,0.0,1.0,0.0,0.0
557,-1.3765457433077268,0.7243675825627305,1.3414330386418325,-0.5657649289935174,1.920593085508488,-2.1123191270590738,1.4387815179033427,1.8370121721542205,1.6040836256991122,-0.05303580266278496,0.0,1.0,0.0,0.0,1.0,0.0
635,-0.386743804072171,-0.9169045661693755,-1.5883563857365295,-0.2960979331664304,-0.3879289132177819,0.942188073633734,-0.717523352797727,-0.37502002876513624,-1.1052746235242203,-0.1256038847528341,1.0,0.0,1.0,0.0,0.0,0.0
109,1.5103765794626445,0.32430749630927985,-0.8173591687948544,-1.3747659164747783,-0.7430861437910539,1.0529733088920223,-1.049262563674815,0.7309960716945422,0.24940450108744586,0.9819232728595876,1.0,0.0,0.0,0.0,1.0,0.0
408,0.6030581351633849,1.8835160376047801,-0.663159725406521,0.10840256057420003,0.4111748555720809,-0.7195904552405913,1.2729119124647987,-0.37502002876513624,-1.1052746235242203,2.809947816937501,0.0,1.0,0.0,0.0,1.0,0.0
77,1.5928600743989407,-0.30655648585962403,0.18493721322932158,-0.7005984269070609,-1.8677507072730828,0.024253267207916145,-1.3810017745519025,-1.4810361292248146,-1.1052746235242203,-0.45043244267972266,1.0,0.0,1.0,0.0,0.0,0.0
928,-1.1290952584988379,-0.42452292154974397,-0.35476083862985097,0.6477365522283739,-0.9206647590776901,1.037146846712267,-1.215132169113359,-1.4810361292248146,-1.1052746235242203,-0.274195671889602,1.0,0.0,1.0,0.0,0.0,0.0
541,0.10815716554560696,0.24737286433746236,1.4956324820301676,0.7825700501419174,-0.3879289132177819,-0.4188876738252374,1.7705207287804308,0.7309960716945422,0.24940450108744586,-0.5748348691198073,0.0,1.0,0.0,0.0,0.0,1.0
82,-1.2115787534351343,0.042213845745949115,0.2620369349234891,0.7825700501419174,-1.1870326820076442,0.9105351492742232,-1.8786105908675341,-0.37502002876513624,-1.1052746235242203,-0.11350920440449248,1.0,0.0,0.0,0.0,0.0,1.0
361,1.0154756098448665,0.30892056991491573,-1.665456107430697,1.5915710376231782,-1.009454066721008,0.9580145358134897,-0.054044931043551764,-0.37502002876513624,-1.1052746235242203,1.7387047003701033,1.0,0.0,0.0,0.0,1.0,0.0
793,0.35560765035449593,0.03195589481637331,0.5704358217001592,-1.644432912301865,-1.3942077331753864,1.2270643928693323,-0.883392958236271,-0.37502002876513624,-1.1052746235242203,-0.3018406555429542,1.0,0.0,1.0,0.0,0.0,0.0
506,1.5928600743989407,-1.4298021126481586,-1.2028577772656919,-0.4309314310799739,-0.5359110926233115,1.084626233251533,-0.5516537473591837,-0.37502002876513624,-1.1052746235242203,-1.081083632271819,1.0,0.0,0.0,1.0,0.0,0.0
789,1.0979591047811628,-1.245158995915797,1.0330341518651642,0.6477365522283739,-0.7430861437910539,-0.05487904369086125,0.2776942798335355,-0.37502002876513624,0.24940450108744586,-1.791214149867303,0.0,1.0,0.0,0.0,0.0,1.0
499,0.8505086199722739,-1.173353339408767,-1.4341569423481944,0.10840256057420003,0.056017624998808906,0.8947086870944675,-0.883392958236271,-0.37502002876513624,0.24940450108744586,-0.5938407953814868,1.0,0.0,0.0,1.0,0.0,0.0
398,-1.7064797230529123,-0.7168745230426501,-0.8944588904890218,1.1870705438825477,1.890996649627382,-1.542566488587876,0.11182467439499223,0.7309960716945422,1.6040836256991122,-0.30702408997795794,1.0,0.0,0.0,0.0,0.0,1.0
2,-0.5517107939447636,-0.20397697656386737,-0.508960282018186,-1.1050989206476913,-0.44712178497999333,1.3220231659478654,-0.5516537473591837,0.7309960716945422,0.24940450108744586,0.09037255003897979,1.0,0.0,1.0,0.0,0.0,0.0
101,-1.1290952584988379,-1.5836713765917936,-0.8173591687948544,0.24323605848774352,0.6775427785020354,0.6098323678588687,-0.883392958236271,0.7309960716945422,0.24940450108744586,-1.4663855919404152,1.0,0.0,0.0,0.0,0.0,1.0
363,0.8505086199722739,-0.09626849180332248,1.2643333169476652,-1.5095994143883216,-1.6605756561053409,0.7206176031171576,-0.054044931043551764,-0.37502002876513624,-1.1052746235242203,-0.7839000579982833,0.0,1.0,0.0,0.0,0.0,1.0
450,-0.139293319263282,-0.13217132005683743,-1.7425558291248646,0.5129030543148304,-1.690172091986447,1.2270643928693323,-0.38578414192063976,-1.4810361292248146,-1.1052746235242203,1.1581600436497077,1.0,0.0,1.0,0.0,0.0,0.0
286,-0.7991612787536526,2.7605708420835,2.1124302555835075,0.6477365522283739,0.29278911204765734,-0.05487904369086125,0.7753030961491675,0.7309960716945422,0.24940450108744586,1.2601009208714438,0.0,1.0,0.0,0.0,1.0,0.0
208,0.9329921149085703,-1.3682544070707048,-0.4318605603240185,-0.026430937339343444,0.3223855479287634,-0.14983781676939378,0.2776942798335355,0.7309960716945422,0.24940450108744586,-1.366172526197013,0.0,1.0,0.0,0.0,0.0,1.0
265,1.0979591047811628,-0.46042574980325857,-1.4341569423481944,0.6477365522283739,0.29278911204765734,1.5435936364644418,-1.3810017745519025,-0.37502002876513624,0.24940450108744586,0.4186567309225367,1.0,0.0,0.0,0.0,1.0,0.0
5,1.4278930845263482,-0.7220034985074381,-0.35476083862985097,1.5915710376231782,0.9735071373130958,-1.5109135642283653,0.11182467439499223,1.8370121721542205,1.6040836256991122,-0.628397024948177,1.0,0.0,0.0,1.0,0.0,0.0
54,-1.6239962281166158,0.04734282121073665,0.49333610000599165,-0.16126443525288692,-1.3350148614131743,0.4199148217018031,-1.7127409854289901,-0.37502002876513624,-1.1052746235242203,-0.24309506527958083,1.0,0.0,0.0,1.0,0.0,0.0
670,0.5205746402270885,-1.086160756507374,-0.5860600037123536,-1.644432912301865,0.5591570349776112,0.799749914015935,-0.5516537473591837,-1.4810361292248146,-1.1052746235242203,-0.9480421484400617,1.0,0.0,0.0,0.0,1.0,0.0
847,0.6855416300996813,-1.5631554747326424,-1.1257580555715243,0.7825700501419174,-0.6838932720288418,0.2458237377244932,-0.883392958236271,0.7309960716945422,0.24940450108744586,-1.3005156900203019,1.0,0.0,0.0,0.0,0.0,1.0
762,-0.22177681419957834,2.5554118234919865,1.5727322037243352,-1.1050989206476913,0.6775427785020354,-0.5138464469037699,1.2729119124647987,-0.37502002876513624,0.24940450108744586,1.4760773556632572,0.0,1.0,1.0,0.0,0.0,0.0
971,-0.5517107939447636,2.786215719407439,0.8017349867826616,-0.026430937339343444,-0.4767182208610994,0.49904713260058053,-0.883392958236271,-0.37502002876513624,0.24940450108744586,2.341710906308848,0.0,1.0,0.0,1.0,0.0,0.0
97,1.5928600743989407,1.6116803379710252,-0.508960282018186,-0.16126443525288692,0.20399980440433915,-0.0707055058706164,0.7753030961491675,-0.37502002876513624,-1.1052746235242203,2.310610299698827,0.0,1.0,1.0,0.0,0.0,0.0
588,-1.5415127331803196,2.4836061669849565,0.030737769840986567,0.6477365522283739,-0.7430861437910539,0.673138216577891,1.2729119124647987,-0.37502002876513624,0.24940450108744586,2.7771193988491443,0.0,1.0,1.0,0.0,0.0,0.0
204,-1.2940622483714306,0.6012721714078223,2.0353305338893404,1.1870705438825477,1.5654358549352163,-2.2231043623173616,1.4387815179033427,0.7309960716945422,1.6040836256991122,-0.5230005247697718,0.0,1.0,1.0,0.0,0.0,0.0
244,-1.3765457433077268,1.9707086205061735,1.4956324820301676,-0.9702654227341477,-0.29913960557446373,-0.7670698417798578,1.1070423070262547,-0.37502002876513624,0.24940450108744586,1.0009291991212672,0.0,1.0,0.0,1.0,0.0,0.0
774,-0.7991612787536526,0.6576909015204889,-0.04636195185318095,-1.5095994143883216,1.5654358549352163,-1.7008311103854308,1.4387815179033427,0.7309960716945422,1.6040836256991122,0.7797693298944495,0.0,1.0,0.0,0.0,0.0,1.0
933,0.6855416300996813,1.3398446383372702,1.3414330386418325,0.24323605848774352,-1.4829970408187045,-0.33975536292645997,0.6094334907106235,-0.37502002876513624,-1.1052746235242203,0.5205976081442728,0.0,1.0,0.0,1.0,0.0,0.0
518,-0.7991612787536526,0.7192386070979423,-0.5860600037123536,1.1870705438825477,1.1806821884808376,-2.191451437957851,1.4387815179033427,0.7309960716945422,1.6040836256991122,1.2860180930464613,0.0,1.0,0.0,1.0,0.0,0.0
334,0.43809114529079224,-1.5016077691551886,0.41623637831182414,0.24323605848774352,0.6775427785020354,0.04007972938767185,-0.054044931043551764,-0.37502002876513624,0.24940450108744586,-1.844776305695673,1.0,0.0,0.0,0.0,1.0,0.0
844,-1.2940622483714306,2.2938340747878065,0.49333610000599165,0.9174035480554609,-0.7726825796721599,0.277476662084004,1.2729119124647987,0.7309960716945422,0.24940450108744586,2.1188232256036965,0.0,1.0,0.0,0.0,1.0,0.0
25,0.2731241554181996,-0.4296518970145315,-0.12346167354734845,-0.026430937339343444,0.470367727334293,0.1666914268257158,-1.3810017745519025,-0.37502002876513624,0.24940450108744586,-0.41587621311303197,1.0,0.0,0.0,0.0,0.0,1.0
84,0.19064066048190328,0.0011820420276458796,0.8017349867826616,-0.5657649289935174,-0.3879289132177819,-0.5771522956227921,0.2776942798335355,-0.37502002876513624,0.24940450108744586,-0.45907150007139474,0.0,1.0,0.0,0.0,0.0,1.0
519,-1.0466117635625416,0.08324564946425161,-0.508960282018186,1.3219040417960912,-0.9798576308399018,0.2616501999042483,-0.717523352797727,-1.4810361292248146,-1.1052746235242203,0.44284609161921995,0.0,1.0,0.0,0.0,0.0,1.0
650,0.6855416300996813,-1.4708339163664614,-0.8173591687948544,0.24323605848774352,-2.222907937846355,0.04007972938767185,-0.5516537473591837,-0.37502002876513624,-1.1052746235242203,-1.3212494277603162,1.0,0.0,1.0,0.0,0.0,0.0
448,0.8505086199722739,1.7245177981963578,-0.663159725406521,-0.4309314310799739,-0.18075386205003952,0.7047911409374018,0.7753030961491675,-0.37502002876513624,0.24940450108744586,2.611249496929031,0.0,1.0,1.0,0.0,0.0,0.0
357,-0.7991612787536526,1.1859753743936354,1.0330341518651642,-1.3747659164747783,-1.8381542713919767,0.2458237377244932,-0.21991453648209575,-1.4810361292248146,-1.1052746235242203,0.5758875754509772,0.0,1.0,0.0,0.0,0.0,1.0
629,0.5205746402270885,0.07298769853467581,0.10783749153515408,-1.644432912301865,-0.2399467338122516,0.7839234518361793,-0.5516537473591837,0.7309960716945422,0.24940450108744586,0.01607665647059586,1.0,0.0,1.0,0.0,0.0,0.0
528,-0.7991612787536526,1.7655496019146601,0.6475355433943266,-0.2960979331664304,0.08561406087991495,0.10338557810669353,-0.21991453648209575,0.7309960716945422,0.24940450108744586,1.4380655031398981,0.0,1.0,1.0,0.0,0.0,0.0
467,-1.6239962281166158,1.3603605401964212,-0.20056139524151598,1.5915710376231782,-1.2758219896509624,-0.6246316821620582,-0.38578414192063976,-1.4810361292248146,-1.1052746235242203,1.7162431511517542,0.0,1.0,1.0,0.0,0.0,0.0
247,-1.0466117635625416,-0.06036566354980751,-0.508960282018186,0.7825700501419174,-1.3350148614131743,0.6098323678588687,-1.5468713799904465,-0.37502002876513624,-1.1052746235242203,0.2666093208290999,1.0,0.0,0.0,1.0,0.0,0.0
118,-1.7064797230529123,1.0423640613795762,0.10783749153515408,-1.644432912301865,0.44077129145318694,-0.5929787578025473,0.7753030961491675,-1.4810361292248146,-1.1052746235242203,1.0942310189513307,0.0,1.0,0.0,0.0,0.0,1.0
342,1.4278930845263482,-1.3836413334650681,0.030737769840986567,1.4567375397096347,-1.2758219896509624,0.05590619156742699,-0.054044931043551764,-0.37502002876513624,-1.1052746235242203,-1.575237715075489,1.0,0.0,0.0,0.0,1.0,0.0
787,-1.7064797230529123,-0.45529677433847066,-0.7402594471006886,1.4567375397096347,-1.7789613996297646,0.3882618973422923,-0.717523352797727,-0.37502002876513624,-1.1052746235242203,-0.06858610596779553,0.0,1.0,1.0,0.0,0.0,0.0
250,-0.22177681419957834,1.4270372212386635,2.0353305338893404,1.4567375397096347,0.20399980440433915,-0.6562846065215696,-0.21991453648209575,-0.37502002876513624,-1.1052746235242203,0.1802187469123743,0.0,1.0,0.0,0.0,0.0,1.0
318,-0.05680982432698569,-0.5527473081694397,1.8811310905010052,-1.5095994143883216,0.3223855479287634,-0.2447965898479269,0.2776942798335355,-0.37502002876513624,-1.1052746235242203,-1.4491074771570698,0.0,1.0,1.0,0.0,0.0,0.0
497,0.19064066048190328,0.4884347111824899,1.1101338735593318,-0.4309314310799739,1.8022073419840645,-2.349716059755406,1.4387815179033427,1.8370121721542205,1.6040836256991122,-0.14806543397118319,0.0,1.0,0.0,1.0,0.0,0.0
196,0.8505086199722739,-0.19371902563429155,-1.5883563857365295,-0.2960979331664304,0.5591570349776112,0.6889646787576461,-1.3810017745519025,0.7309960716945422,0.24940450108744586,0.9283611170312174,1.0,0.0,0.0,0.0,1.0,0.0
587,-1.7064797230529123,0.5704983186190956,1.8040313688068377,0.6477365522283739,1.6838215984596405,-1.8116163456437193,1.4387815179033427,0.7309960716945422,1.6040836256991122,-0.43660995085304627,0.0,1.0,0.0,1.0,0.0,0.0
81,0.2731241554181996,-0.6450688665356206,0.10783749153515408,-1.3747659164747783,1.5358394190541103,-1.368475404610566,0.11182467439499223,1.8370121721542205,1.6040836256991122,-0.7839000579982833,1.0,0.0,0.0,0.0,0.0,1.0
352,-0.139293319263282,-0.9784522717468296,-0.12346167354734845,-1.644432912301865,-0.3879289132177819,0.4832206704208254,-1.5468713799904465,0.7309960716945422,0.24940450108744586,-1.046527402705129,1.0,0.0,0.0,0.0,0.0,1.0
602,1.0979591047811628,-0.0757525899441716,-0.27766111693568346,0.378069556401287,0.29278911204765734,0.1666914268257158,-0.717523352797727,-0.37502002876513624,-1.1052746235242203,0.09210036151731396,1.0,0.0,0.0,1.0,0.0,0.0
239,-0.4692272990084673,0.3294364717740674,-0.508960282018186,0.9174035480554609,0.08561406087991495,1.2270643928693323,-1.215132169113359,0.7309960716945422,0.24940450108744586,0.7434852888494247,1.0,0.0,0.0,1.0,0.0,0.0
689,-1.4590292382440233,0.7448834844218815,1.0330341518651642,-0.5657649289935174,0.3223855479287634,-0.5138464469037699,-0.054044931043551764,-0.37502002876513624,0.24940450108744586,0.1456625173456842,0.0,1.0,0.0,1.0,0.0,0.0
211,-0.4692272990084673,0.3037915944501282,-0.12346167354734845,-0.5657649289935174,-0.5359110926233115,0.19834435118522664,-0.883392958236271,-0.37502002876513624,-1.1052746235242203,0.4290235997925441,1.0,0.0,1.0,0.0,0.0,0.0
822,-1.4590292382440233,0.026826919351585037,-0.35476083862985097,1.0522370459690042,-0.21035029793114554,1.4486348633859099,-1.3810017745519025,-0.37502002876513624,0.24940450108744586,0.2648815093507651,1.0,0.0,1.0,0.0,0.0,0.0
549,1.3454095895900517,-0.4399098479441073,1.0330341518651642,-1.2399324185612348,0.29278911204765734,-0.33975536292645997,0.44356388527207946,0.7309960716945422,0.24940450108744586,-1.0085155501817693,0.0,1.0,0.0,0.0,1.0,0.0
898,-0.9641282686262452,1.6527121416893278,-0.35476083862985097,-0.026430937339343444,0.056017624998808906,0.7364440652969128,1.4387815179033427,-0.37502002876513624,0.24940450108744586,2.205213799520422,0.0,1.0,1.0,0.0,0.0,0.0
227,-0.30426030913587465,-0.32194341225398737,-0.8173591687948544,0.9174035480554609,-0.7726825796721599,1.385329014666887,-1.8786105908675341,0.7309960716945422,0.24940450108744586,0.1525737632590221,1.0,0.0,1.0,0.0,0.0,0.0
832,-0.22177681419957834,-0.6194239892116814,-0.04636195185318095,-1.5095994143883216,1.0918928808375195,-1.0835990853749673,0.11182467439499223,1.8370121721542205,1.6040836256991122,-0.6750479348632086,1.0,0.0,0.0,0.0,1.0,0.0
751,-1.1290952584988379,-0.7373904249018014,-1.1257580555715243,-1.3747659164747783,0.29278911204765734,0.10338557810669353,-0.717523352797727,-0.37502002876513624,0.24940450108744586,-0.18607728649454225,1.0,0.0,0.0,0.0,0.0,1.0
896,-1.3765457433077268,-0.5271024308455006,-1.5883563857365295,-0.16126443525288692,1.6838215984596405,-1.273516631532033,0.11182467439499223,1.8370121721542205,1.6040836256991122,0.44284609161921995,1.0,0.0,0.0,0.0,0.0,1.0
892,-1.5415127331803196,0.6987227052387914,1.4956324820301676,-0.5657649289935174,1.358260803767474,-2.302236673216139,1.4387815179033427,1.8370121721542205,1.6040836256991122,-0.161887925797859,0.0,1.0,1.0,0.0,0.0,0.0
380,0.6855416300996813,0.837205042788063,-0.9715586121831894,-0.2960979331664304,1.7726109061029585,-1.7166575725651865,1.4387815179033427,1.8370121721542205,1.6040836256991122,1.78708342176347,0.0,1.0,0.0,1.0,0.0,0.0
903,-0.139293319263282,-0.26552468214132074,0.18493721322932158,-1.644432912301865,0.3519819838098688,0.22999727554473748,-0.883392958236271,0.7309960716945422,0.24940450108744586,-0.4055093442430251,1.0,0.0,0.0,0.0,1.0,0.0
296,-0.05680982432698569,-0.6655847683947719,-0.04636195185318095,0.7825700501419174,-0.5655075285044175,0.9896674601730006,-1.5468713799904465,-0.37502002876513624,0.24940450108744586,-0.7268822792132441,1.0,0.0,1.0,0.0,0.0,0.0
344,1.6753435693352372,0.8884947974359413,-0.8173591687948544,-0.4309314310799739,0.499964163215399,-0.2447965898479269,1.6046511233418868,-0.37502002876513624,0.24940450108744586,1.7058762822817481,0.0,1.0,0.0,0.0,1.0,0.0
7,0.10815716554560696,-0.12191336912726164,-1.665456107430697,0.24323605848774352,0.026421189117702856,0.8788822249147124,-1.215132169113359,-0.37502002876513624,0.24940450108744586,1.1028700763430033,1.0,0.0,1.0,0.0,0.0,0.0
155,0.2731241554181996,-0.4706837007328344,1.9582308121951726,-0.16126443525288692,0.470367727334293,0.5465265191398471,1.2729119124647987,0.7309960716945422,0.24940450108744586,-1.4076400016770418,0.0,1.0,0.0,0.0,0.0,1.0
525,-0.4692272990084673,-0.6707137438595597,-0.4318605603240185,-0.9702654227341477,-1.06864693848322,1.3695025524871325,-1.215132169113359,-0.37502002876513624,-1.1052746235242203,-0.5230005247697718,1.0,0.0,1.0,0.0,0.0,0.0
753,1.5103765794626445,-0.39374906876101656,-1.2799574989598594,1.4567375397096347,0.7663320861453535,-1.1469049340939892,0.11182467439499223,1.8370121721542205,1.6040836256991122,0.39273955874751926,1.0,0.0,1.0,0.0,0.0,0.0
451,0.19064066048190328,-0.30655648585962403,-0.27766111693568346,0.7825700501419174,-1.4534006049375985,0.3724354351625366,1.2729119124647987,-1.4810361292248146,-1.1052746235242203,-0.1808938520595385,0.0,1.0,0.0,0.0,0.0,1.0
836,-1.2940622483714306,-0.35271726504271406,-0.8173591687948544,-0.4309314310799739,0.3223855479287634,0.9580145358134897,-0.21991453648209575,-0.37502002876513624,0.24940450108744586,0.11283409925732826,1.0,0.0,1.0,0.0,0.0,0.0
757,0.8505086199722739,-0.7322614494370139,2.0353305338893404,0.6477365522283739,-0.9798576308399018,-0.05487904369086125,0.7753030961491675,-0.37502002876513624,-1.1052746235242203,-1.6564448545572112,0.0,1.0,0.0,1.0,0.0,0.0
684,-0.05680982432698569,-0.8091960814088314,-0.9715586121831894,-1.2399324185612348,-0.15115742616893346,0.5940059056791136,-1.215132169113359,0.7309960716945422,0.24940450108744586,-0.37959217206800766,1.0,0.0,0.0,0.0,0.0,1.0
432,-0.9641282686262452,-0.13217132005683743,0.2620369349234891,0.5129030543148304,-0.9502611949587961,1.4802877877454201,-1.049262563674815,-0.37502002876513624,-1.1052746235242203,-0.3018406555429542,1.0,0.0,0.0,0.0,1.0,0.0
935,-0.05680982432698569,-1.3785123580002803,-0.35476083862985097,-0.5657649289935174,-0.7430861437910539,0.7680969896564236,-0.38578414192063976,-0.37502002876513624,0.24940450108744586,-1.4128234361120449,1.0,0.0,0.0,1.0,0.0,0.0
908,-1.0466117635625416,-1.0348710018594958,2.1124302555835075,-1.1050989206476913,-1.5125934766998106,0.2458237377244932,-0.5516537473591837,-1.4810361292248146,-1.1052746235242203,-1.9380781255257364,0.0,1.0,0.0,1.0,0.0,0.0
388,-0.386743804072171,1.0218481595204245,0.2620369349234891,1.4567375397096347,-1.5717863484620227,-0.46636706036450337,1.4387815179033427,-0.37502002876513624,-1.1052746235242203,0.9525504777279006,0.0,1.0,0.0,0.0,0.0,1.0
514,1.1804425997174592,-0.20397697656386737,-1.357057220654027,0.378069556401287,0.44077129145318694,0.1666914268257158,-0.717523352797727,0.7309960716945422,0.24940450108744586,0.719295928152742,1.0,0.0,0.0,1.0,0.0,0.0
583,0.5205746402270885,-1.5836713765917936,-1.1257580555715243,1.1870705438825477,0.6183499067398233,0.5781794434993579,-0.054044931043551764,-1.4810361292248146,-1.1052746235242203,-1.328160673673654,1.0,0.0,0.0,1.0,0.0,0.0
926,0.025673670609310632,1.5501326323935711,1.6498319254185025,-1.644432912301865,-1.098243374364326,-0.33975536292645997,-0.38578414192063976,-0.37502002876513624,-1.1052746235242203,0.5171419851876039,0.0,1.0,0.0,0.0,0.0,1.0
850,0.7680251250359775,-0.15268722191598907,-0.9715586121831894,-1.2399324185612348,0.2335962402854452,0.1666914268257158,-1.049262563674815,0.7309960716945422,0.24940450108744586,0.48431356709924794,1.0,0.0,0.0,0.0,1.0,0.0
423,0.35560765035449593,1.2218782026471504,0.9559344301709967,0.24323605848774352,0.056017624998808906,0.4199148217018031,1.2729119124647987,-1.4810361292248146,-1.1052746235242203,0.6622781493677028,0.0,1.0,0.0,0.0,0.0,1.0
228,1.5103765794626445,-0.18346107470471576,-1.2799574989598594,0.7825700501419174,0.5591570349776112,0.6414852922183801,-1.7127409854289901,0.7309960716945422,0.24940450108744586,0.6847396985860512,1.0,0.0,0.0,1.0,0.0,0.0
456,1.2629260946537555,2.7605708420835,1.6498319254185025,1.4567375397096347,0.2631926761665513,0.5465265191398471,0.44356388527207946,-0.37502002876513624,0.24940450108744586,1.600479782103343,0.0,1.0,0.0,0.0,1.0,0.0
713,-0.881644773689949,0.6525619260557006,0.49333610000599165,-0.9702654227341477,0.2631926761665513,0.5940059056791136,-0.5516537473591837,0.7309960716945422,0.24940450108744586,0.39446737022585343,0.0,1.0,1.0,0.0,0.0,0.0
212,0.6030581351633849,-0.7220034985074381,-1.511256664042362,-0.026430937339343444,1.6838215984596405,-1.0519461610154566,0.11182467439499223,0.7309960716945422,1.6040836256991122,0.10246723038732142,1.0,0.0,1.0,0.0,0.0,0.0
79,-0.5517107939447636,-0.5322314063102881,-1.1257580555715243,-1.1050989206476913,1.8022073419840645,-1.3368224802510547,0.11182467439499223,1.8370121721542205,1.6040836256991122,0.09210036151731396,1.0,0.0,0.0,1.0,0.0,0.0
148,-1.2940622483714306,0.5653693431543073,0.5704358217001592,-0.8354319248206042,-1.6605756561053409,0.673138216577891,0.7753030961491675,-0.37502002876513624,-1.1052746235242203,0.25278682900242344,0.0,1.0,0.0,0.0,1.0,0.0
306,0.5205746402270885,0.4781767602529148,-0.8944588904890218,-0.9702654227341477,-0.35833247733667584,0.7839234518361793,-0.717523352797727,0.7309960716945422,0.24940450108744586,1.2462784290447675,0.0,1.0,1.0,0.0,0.0,0.0
477,1.0154756098448665,-0.30142751039483573,-1.1257580555715243,0.378069556401287,-1.1870326820076442,0.9896674601730006,-0.5516537473591837,-0.37502002876513624,-1.1052746235242203,0.40310642761752613,1.0,0.0,0.0,1.0,0.0,0.0
866,-0.5517107939447636,-0.7938091550144676,-1.2028577772656919,1.3219040417960912,1.1510857525997316,-1.4792606398688544,0.11182467439499223,0.7309960716945422,1.6040836256991122,-0.21199445866955968,1.0,0.0,0.0,1.0,0.0,0.0
899,-1.6239962281166158,-0.3270723877187749,-1.1257580555715243,-0.7005984269070609,0.5887534708587172,0.13503850246620439,-1.215132169113359,-0.37502002876513624,0.24940450108744586,0.368550198050836,1.0,0.0,1.0,0.0,0.0,0.0
909,-0.881644773689949,-0.7066165721130747,2.1124302555835075,0.378069556401287,0.1744033685232331,0.49904713260058053,0.6094334907106235,0.7309960716945422,0.24940450108744586,-1.6616282889922147,0.0,1.0,0.0,0.0,1.0,0.0
534,1.4278930845263482,0.6423039751261248,-0.7402594471006886,-1.3747659164747783,-0.7430861437910539,-0.7670698417798578,0.44356388527207946,0.7309960716945422,0.24940450108744586,1.3223021340914862,0.0,1.0,0.0,1.0,0.0,0.0
590,0.5205746402270885,0.04734282121073665,0.18493721322932158,-1.644432912301865,-0.35833247733667584,0.2458237377244932,-1.049262563674815,0.7309960716945422,0.24940450108744586,-0.059947048576122854,1.0,0.0,0.0,0.0,0.0,1.0
411,0.35560765035449593,-1.5067367446199762,-0.508960282018186,-1.2399324185612348,-1.5717863484620227,1.4011554768466428,-1.215132169113359,-1.4810361292248146,-1.1052746235242203,-1.500941821507105,1.0,0.0,0.0,0.0,0.0,1.0
0,1.4278930845263482,0.8320760673232747,-0.12346167354734845,-0.2960979331664304,1.2694714961241558,-1.9698809674412743,1.4387815179033427,0.7309960716945422,1.6040836256991122,1.0389410516446262,0.0,1.0,0.0,0.0,0.0,1.0
531,1.1804425997174592,-0.9630653453524662,0.10783749153515408,-1.1050989206476913,0.3223855479287634,1.1321056197908002,-1.3810017745519025,-0.37502002876513624,0.24940450108744586,-1.1381014110568577,1.0,0.0,0.0,0.0,1.0,0.0
321,0.9329921149085703,-0.8553568605919217,-1.357057220654027,0.378069556401287,1.7430144702218524,-1.0361196988357009,0.11182467439499223,0.7309960716945422,1.6040836256991122,-0.19471634388621492,1.0,0.0,0.0,0.0,1.0,0.0
516,1.5928600743989407,0.13966437957691746,-0.27766111693568346,-1.2399324185612348,0.056017624998808906,1.2270643928693323,-0.5516537473591837,0.7309960716945422,0.24940450108744586,0.3460886488324875,1.0,0.0,0.0,0.0,1.0,0.0
523,0.7680251250359775,-0.7835512040848922,-1.665456107430697,-1.3747659164747783,0.3223855479287634,1.1162791576110445,-0.883392958236271,0.7309960716945422,0.24940450108744586,0.12492877960566989,1.0,0.0,0.0,1.0,0.0,0.0
596,-0.05680982432698569,-1.147708462084828,-1.665456107430697,0.378069556401287,-0.03277168264450925,1.195411468509822,-0.21991453648209575,-0.37502002876513624,-1.1052746235242203,-0.412420590156363,1.0,0.0,0.0,1.0,0.0,0.0
172,-0.5517107939447636,0.8115601654641238,1.1872335952534976,0.24323605848774352,0.7663320861453535,-2.128145589238829,1.4387815179033427,1.8370121721542205,1.6040836256991122,0.11801753369233199,0.0,1.0,1.0,0.0,0.0,0.0
125,-0.5517107939447636,0.3345654472388549,-0.8173591687948544,0.9174035480554609,0.056017624998808906,0.7206176031171576,0.7753030961491675,-0.37502002876513624,-1.1052746235242203,0.9957457646862634,0.0,1.0,0.0,0.0,0.0,1.0
370,-1.2940622483714306,1.7911944792385992,1.6498319254185025,1.4567375397096347,0.2631926761665513,-0.2447965898479269,0.44356388527207946,-1.4810361292248146,-1.1052746235242203,0.7331184199794177,0.0,1.0,0.0,1.0,0.0,0.0
634,0.43809114529079224,1.1552015216049079,0.8788347084768292,0.6477365522283739,-0.0031752467634031958,0.15086496464596008,0.7753030961491675,0.7309960716945422,0.24940450108744586,0.648455657541027,0.0,1.0,0.0,1.0,0.0,0.0
877,0.35560765035449593,-0.3783621423666532,-0.508960282018186,0.9174035480554609,1.8318037778651701,-0.8303756904988795,0.11182467439499223,0.7309960716945422,1.6040836256991122,-0.12214826179616516,1.0,0.0,0.0,0.0,0.0,1.0
90,-1.1290952584988379,0.4833057357177023,-0.8944588904890218,0.10840256057420003,1.9797859572707002,-2.238930824497117,1.4387815179033427,0.7309960716945422,1.6040836256991122,1.253189674958106,0.0,1.0,0.0,1.0,0.0,0.0
913,1.0979591047811628,0.6525619260557006,0.9559344301709967,-1.644432912301865,-0.21035029793114554,-0.2606230520276826,0.9411727015877115,-1.4810361292248146,-1.1052746235242203,0.10246723038732142,0.0,1.0,1.0,0.0,0.0,0.0
181,1.2629260946537555,0.5910142204782465,1.0330341518651642,-0.8354319248206042,0.8255249579075656,-2.001533891800785,1.4387815179033427,1.8370121721542205,1.6040836256991122,-0.004657081269418446,0.0,1.0,0.0,1.0,0.0,0.0
274,1.1804425997174592,-0.8091960814088314,0.49333610000599165,-0.4309314310799739,0.7663320861453535,-1.3526489424308104,0.11182467439499223,1.8370121721542205,1.6040836256991122,-1.1432848454918614,1.0,0.0,0.0,0.0,1.0,0.0
869,1.3454095895900517,-1.1682243639439795,0.2620369349234891,1.4567375397096347,0.056017624998808906,0.8630557627349567,-1.049262563674815,-1.4810361292248146,-1.1052746235242203,-1.4283737394170557,1.0,0.0,0.0,0.0,1.0,0.0
69,0.10815716554560696,1.7655496019146601,-0.5860600037123536,1.5915710376231782,0.1744033685232331,-0.6404581443418139,1.6046511233418868,0.7309960716945422,0.24940450108744586,2.58014889031901,0.0,1.0,0.0,1.0,0.0,0.0
131,1.4278930845263482,-0.8450989096623459,1.4956324820301676,-0.026430937339343444,-1.7197685278675525,0.6889646787576461,0.9411727015877115,-0.37502002876513624,-1.1052746235242203,-1.5735099035971547,0.0,1.0,0.0,0.0,1.0,0.0
300,0.9329921149085703,0.7859152881401846,-0.9715586121831894,0.6477365522283739,-1.4534006049375985,-0.29227597638719344,0.7753030961491675,-1.4810361292248146,-1.1052746235242203,1.7196987741084238,0.0,1.0,0.0,0.0,1.0,0.0
394,0.10815716554560696,1.1039117669570295,1.5727322037243352,-0.2960979331664304,0.3519819838098688,-0.46636706036450337,-1.049262563674815,-0.37502002876513624,-1.1052746235242203,0.16294063212902896,0.0,1.0,1.0,0.0,0.0,0.0
326,0.7680251250359775,-0.1578161973807766,0.10783749153515408,-0.5657649289935174,0.6479463426209293,0.7839234518361793,-0.5516537473591837,-0.37502002876513624,0.24940450108744586,-0.24136725380124666,0.0,1.0,0.0,1.0,0.0,0.0
144,0.025673670609310632,-0.5168444799159247,-0.663159725406521,-1.1050989206476913,-0.8614718873154781,0.3882618973422923,0.9411727015877115,-0.37502002876513624,-1.1052746235242203,-0.1964441553645491,0.0,1.0,1.0,0.0,0.0,0.0
904,-1.7064797230529123,-0.26552468214132074,0.18493721322932158,-0.16126443525288692,-0.9502611949587961,0.277476662084004,-1.5468713799904465,-1.4810361292248146,-1.1052746235242203,-0.4055093442430251,1.0,0.0,0.0,0.0,0.0,1.0
135,1.2629260946537555,0.7192386070979423,1.72693164711267,0.24323605848774352,-0.2695431696933577,0.45156774606131395,1.2729119124647987,-1.4810361292248146,-1.1052746235242203,-0.26728442597626406,0.0,1.0,0.0,0.0,0.0,1.0
381,1.0979591047811628,1.6783570190132668,2.0353305338893404,0.6477365522283739,-0.9798576308399018,-0.1656642789491495,-1.049262563674815,-1.4810361292248146,-1.1052746235242203,0.39273955874751926,0.0,1.0,1.0,0.0,0.0,0.0
164,-1.2940622483714306,0.4525318829289756,0.5704358217001592,-0.4309314310799739,0.8551213937886717,-2.2705837488566285,1.4387815179033427,0.7309960716945422,1.6040836256991122,0.13529564847567674,0.0,1.0,1.0,0.0,0.0,0.0
28,0.5205746402270885,0.6576909015204889,1.0330341518651642,0.5129030543148304,1.1214893167186255,-1.7166575725651865,1.4387815179033427,1.8370121721542205,1.6040836256991122,0.06099975490729281,0.0,1.0,0.0,1.0,0.0,0.0
611,-1.5415127331803196,-0.3988780442258048,0.41623637831182414,-0.16126443525288692,1.3286643678863679,-1.00446677447619,0.11182467439499223,0.7309960716945422,1.6040836256991122,-0.6733201233848745,1.0,0.0,1.0,0.0,0.0,0.0
193,0.35560765035449593,1.8732580866752042,0.030737769840986567,0.5129030543148304,0.20399980440433915,0.5465265191398471,-0.717523352797727,-1.4810361292248146,-1.1052746235242203,2.0911782419503435,0.0,1.0,1.0,0.0,0.0,0.0
673,0.7680251250359775,0.43714495653461155,0.33913665661765663,0.5129030543148304,0.7367356502642475,-1.9224015809020076,1.4387815179033427,0.7309960716945422,1.6040836256991122,0.2666093208290999,0.0,1.0,1.0,0.0,0.0,0.0
620,1.3454095895900517,0.7910442636049722,1.1872335952534976,1.4567375397096347,-0.21035029793114554,0.34078251080302574,-0.054044931043551764,0.7309960716945422,0.24940450108744586,0.09901160743065247,0.0,1.0,0.0,0.0,0.0,1.0
169,0.9329921149085703,-1.0759028055777984,1.9582308121951726,-1.3747659164747783,-1.009454066721008,0.4673942082410697,-0.38578414192063976,-1.4810361292248146,-1.1052746235242203,-1.9277112566557295,0.0,1.0,0.0,0.0,0.0,1.0
457,-0.7991612787536526,0.8218181163936988,1.5727322037243352,0.5129030543148304,1.8318037778651701,-2.207277900137606,1.4387815179033427,1.8370121721542205,1.6040836256991122,-0.09277546666447879,0.0,1.0,1.0,0.0,0.0,0.0
140,1.1804425997174592,1.1295566442809688,1.72693164711267,-1.644432912301865,-1.098243374364326,0.5623529813196028,1.4387815179033427,-0.37502002876513624,-1.1052746235242203,0.09728379595231769,0.0,1.0,0.0,1.0,0.0,0.0
173,0.8505086199722739,-1.542639572873491,-1.5883563857365295,1.0522370459690042,-0.4767182208610994,0.5940059056791136,-0.717523352797727,-0.37502002876513624,-1.1052746235242203,-1.0378883453134562,1.0,0.0,0.0,1.0,0.0,0.0
6,-0.22177681419957834,-0.09113951633853494,-0.04636195185318095,1.4567375397096347,0.6775427785020354,-0.5929787578025473,-0.5516537473591837,-0.37502002876513624,0.24940450108744586,-0.07376954040279865,0.0,1.0,1.0,0.0,0.0,0.0
652,0.9329921149085703,-0.388620093296229,0.49333610000599165,-0.16126443525288692,-0.2695431696933577,0.4832206704208254,-0.38578414192063976,0.7309960716945422,0.24940450108744586,-0.7009651070382267,0.0,1.0,0.0,0.0,0.0,1.0
447,0.5205746402270885,-0.3373303386483507,-1.2028577772656919,-0.4309314310799739,-1.7789613996297646,1.4644613255656644,-0.5516537473591837,-1.4810361292248146,-1.1052746235242203,0.4117454850091988,1.0,0.0,1.0,0.0,0.0,0.0
73,-0.30426030913587465,-0.10139746726811075,0.49333610000599165,0.10840256057420003,-0.5359110926233115,0.4673942082410697,-0.5516537473591837,-0.37502002876513624,0.24940450108744586,-0.3985980983296872,0.0,1.0,1.0,0.0,0.0,0.0
664,1.0154756098448665,0.12940642864734167,-1.357057220654027,-1.644432912301865,-1.6309792202242348,1.3061967037681097,-0.883392958236271,-1.4810361292248146,-1.1052746235242203,1.1858050273030598,1.0,0.0,1.0,0.0,0.0,0.0
890,1.1804425997174592,0.06785872306988827,0.2620369349234891,1.0522370459690042,-0.5063146567422054,0.45156774606131395,0.2776942798335355,-0.37502002876513624,0.24940450108744586,-0.0841364092728061,0.0,1.0,0.0,0.0,0.0,1.0
238,-1.2115787534351343,-1.6247031803100964,-0.663159725406521,-0.9702654227341477,-0.802279015553266,0.942188073633734,-1.215132169113359,-1.4810361292248146,-1.1052746235242203,-1.5838767724671619,1.0,0.0,0.0,1.0,0.0,0.0
145,0.5205746402270885,0.8423340182528505,0.41623637831182414,0.6477365522283739,0.7959285220264596,-1.8749221943627414,1.4387815179033427,0.7309960716945422,1.6040836256991122,0.6467278460626922,0.0,1.0,0.0,1.0,0.0,0.0
885,0.35560765035449593,0.45766085839376314,0.41623637831182414,0.378069556401287,0.9439107014319897,-2.001533891800785,1.4387815179033427,1.8370121721542205,1.6040836256991122,0.23723652569741288,0.0,1.0,0.0,0.0,0.0,1.0
234,0.7680251250359775,0.08324564946425161,-0.8944588904890218,0.10840256057420003,0.29278911204765734,-0.5138464469037699,1.6046511233418868,0.7309960716945422,0.24940450108744586,0.7331184199794177,0.0,1.0,1.0,0.0,0.0,0.0
220,-0.139293319263282,0.042213845745949115,0.2620369349234891,-1.3747659164747783,-0.15115742616893346,0.3882618973422923,-1.215132169113359,-0.37502002876513624,0.24940450108744586,-0.11350920440449248,1.0,0.0,0.0,0.0,1.0,0.0
465,-0.7991612787536526,2.514380019773683,1.1101338735593318,-1.3747659164747783,0.14480693264212707,-0.14983781676939378,0.9411727015877115,0.7309960716945422,0.24940450108744586,1.8043615365468153,0.0,1.0,0.0,1.0,0.0,0.0
628,-1.1290952584988379,-0.39374906876101656,-0.12346167354734845,-0.16126443525288692,-0.4175253490988873,0.3249560486232706,-1.3810017745519025,-0.37502002876513624,-1.1052746235242203,-0.374408737633004,1.0,0.0,0.0,1.0,0.0,0.0
132,0.8505086199722739,0.549982416759944,1.72693164711267,1.4567375397096347,1.920593085508488,-1.7008311103854308,1.4387815179033427,1.8370121721542205,1.6040836256991122,-0.41587621311303197,0.0,1.0,0.0,0.0,0.0,1.0
963,1.5103765794626445,-1.4503180145073102,0.18493721322932158,1.4567375397096347,0.38157841969097483,0.008426805028161,-1.5468713799904465,-1.4810361292248146,-1.1052746235242203,-1.7082791989072463,1.0,0.0,1.0,0.0,0.0,0.0
672,-1.3765457433077268,-0.055236688085019976,1.5727322037243352,-1.2399324185612348,0.470367727334293,-0.608805219982303,0.44356388527207946,0.7309960716945422,0.24940450108744586,-0.8858409352200194,0.0,1.0,0.0,0.0,0.0,1.0
185,0.5205746402270885,-1.0759028055777984,1.1101338735593318,-0.7005984269070609,0.5295605990965051,0.18251788900547095,1.2729119124647987,0.7309960716945422,0.24940450108744586,-1.6547170430788767,0.0,1.0,1.0,0.0,0.0,0.0
41,-1.0466117635625416,-1.4246731371833712,-0.9715586121831894,-0.16126443525288692,-0.5359110926233115,1.5277671742846872,-1.049262563674815,-0.37502002876513624,-1.1052746235242203,-1.189935755406893,1.0,0.0,1.0,0.0,0.0,0.0
108,1.0979591047811628,0.3755972509571581,-1.048658333877357,-0.4309314310799739,0.38157841969097483,0.2458237377244932,-1.8786105908675341,-0.37502002876513624,0.24940450108744586,1.2480062405231023,1.0,0.0,0.0,0.0,1.0,0.0
567,0.2731241554181996,-0.45016779887368313,0.33913665661765663,-0.4309314310799739,0.1744033685232331,0.10338557810669353,1.1070423070262547,-0.37502002876513624,0.24940450108744586,-0.6888704266898851,0.0,1.0,0.0,1.0,0.0,0.0
56,1.6753435693352372,-0.3373303386483507,-1.5883563857365295,-0.16126443525288692,0.4111748555720809,0.9738409979932449,-0.883392958236271,-0.37502002876513624,0.24940450108744586,0.719295928152742,1.0,0.0,0.0,0.0,0.0,1.0
468,1.0979591047811628,-0.1988480010990791,-0.7402594471006886,0.6477365522283739,-0.2695431696933577,0.3882618973422923,-0.38578414192063976,-0.37502002876513624,-1.1052746235242203,0.256242451959093,1.0,0.0,0.0,0.0,1.0,0.0
429,0.6855416300996813,-0.5681342345638031,0.2620369349234891,-1.1050989206476913,0.8255249579075656,-1.4950871020486098,0.11182467439499223,1.8370121721542205,1.6040836256991122,-0.7769888120849447,1.0,0.0,0.0,1.0,0.0,0.0
547,-0.9641282686262452,1.7604206264498725,1.0330341518651642,-1.644432912301865,0.2335962402854452,-0.7037639930608356,0.7753030961491675,-1.4810361292248146,-1.1052746235242203,1.1356984944313593,0.0,1.0,1.0,0.0,0.0,0.0
24,0.025673670609310632,-0.3988780442258048,-0.27766111693568346,-0.5657649289935174,-0.03277168264450925,0.29330312426375915,-1.215132169113359,0.7309960716945422,0.24940450108744586,-0.28974597519461254,1.0,0.0,0.0,1.0,0.0,0.0
959,0.9329921149085703,1.1962333253232111,-0.8944588904890218,-1.644432912301865,-0.29913960557446373,-0.5613258334430364,1.6046511233418868,0.7309960716945422,0.24940450108744586,2.179296627345403,0.0,1.0,0.0,0.0,1.0,0.0
730,-0.386743804072171,-1.2913197750988874,-0.8944588904890218,0.9174035480554609,-0.7134897079099478,0.5623529813196028,-1.5468713799904465,-0.37502002876513624,0.24940450108744586,-1.0534386486184668,1.0,0.0,0.0,0.0,1.0,0.0
601,1.1804425997174592,0.5243375394360048,-0.8944588904890218,-0.2960979331664304,1.8022073419840645,-2.128145589238829,1.4387815179033427,1.8370121721542205,1.6040836256991122,1.3067518307864756,0.0,1.0,0.0,0.0,1.0,0.0
675,1.3454095895900517,-0.4655547252680465,-0.20056139524151598,0.6477365522283739,0.1744033685232331,1.5594200986441975,-0.21991453648209575,-0.37502002876513624,-1.1052746235242203,-0.412420590156363,1.0,0.0,0.0,0.0,1.0,0.0
900,-0.7166777838173563,2.473348216055381,1.8040313688068377,0.378069556401287,-1.7789613996297646,-0.1814907411289052,-0.054044931043551764,-1.4810361292248146,-1.1052746235242203,1.2324559372180917,0.0,1.0,0.0,0.0,0.0,1.0
338,-0.386743804072171,1.9707086205061735,1.0330341518651642,-0.026430937339343444,0.470367727334293,-0.43471413600499254,1.6046511233418868,-1.4810361292248146,-1.1052746235242203,1.3395802488748314,0.0,1.0,1.0,0.0,0.0,0.0
51,1.1804425997174592,0.6217880732669739,0.2620369349234891,0.9174035480554609,1.2102786243619437,-1.938228043081763,1.4387815179033427,1.8370121721542205,1.6040836256991122,0.5171419851876039,0.0,1.0,1.0,0.0,0.0,0.0
948,1.4278930845263482,-0.839969934197558,-1.511256664042362,0.5129030543148304,1.920593085508488,-1.415954791149832,0.11182467439499223,1.8370121721542205,1.6040836256991122,-0.06858610596779553,1.0,0.0,1.0,0.0,0.0,0.0
894,-1.2940622483714306,-0.7373904249018014,-0.12346167354734845,-0.5657649289935174,-0.3287360414555698,0.3091295864435149,1.2729119124647987,-0.37502002876513624,0.24940450108744586,-0.7700775661716068,0.0,1.0,0.0,0.0,1.0,0.0
615,-0.7991612787536526,0.8166891409289113,1.2643333169476652,-1.1050989206476913,1.447050111410792,-1.8590957321829857,1.4387815179033427,1.8370121721542205,1.6040836256991122,0.07827786969063817,0.0,1.0,1.0,0.0,0.0,0.0
264,0.2731241554181996,1.3244577119429068,1.418532760336,1.4567375397096347,-0.7430861437910539,0.6256588300386244,0.2776942798335355,-0.37502002876513624,0.24940450108744586,0.4583963949242305,0.0,1.0,0.0,0.0,1.0,0.0
521,0.5205746402270885,0.31917852084449155,1.8040313688068377,-0.026430937339343444,0.08561406087991495,0.6256588300386244,-0.717523352797727,-0.37502002876513624,-1.1052746235242203,-0.6577698200798638,0.0,1.0,1.0,0.0,0.0,0.0
746,0.10815716554560696,-0.16294517284556415,2.0353305338893404,-1.5095994143883216,-0.29913960557446373,-0.007399657151594703,-0.38578414192063976,0.7309960716945422,0.24940450108744586,-1.1726576406235483,0.0,1.0,1.0,0.0,0.0,0.0
494,-0.30426030913587465,1.5603905833231468,1.6498319254185025,0.24323605848774352,-1.2462255537698563,-0.6246316821620582,-0.38578414192063976,-1.4810361292248146,-1.1052746235242203,0.5257810425792766,0.0,1.0,1.0,0.0,0.0,0.0
621,-0.7991612787536526,0.765399386281033,1.0330341518651642,1.3219040417960912,0.7663320861453535,-2.2231043623173616,1.4387815179033427,0.7309960716945422,1.6040836256991122,0.1663962550856979,0.0,1.0,0.0,0.0,0.0,1.0
18,0.6855416300996813,-0.27065365760610904,0.18493721322932158,-0.8354319248206042,-0.3879289132177819,1.2270643928693323,-0.21991453648209575,-0.37502002876513624,0.24940450108744586,-0.41069277867802884,1.0,0.0,0.0,0.0,1.0,0.0
696,-1.1290952584988379,2.6528623573229546,2.0353305338893404,1.3219040417960912,-0.3879289132177819,0.0875591159269384,-0.054044931043551764,-0.37502002876513624,-1.1052746235242203,1.2220890683480847,0.0,1.0,0.0,1.0,0.0,0.0
552,1.5103765794626445,-0.5219734553807127,-1.5883563857365295,-1.5095994143883216,-1.009454066721008,0.5307000569600914,-0.054044931043551764,-0.37502002876513624,-1.1052746235242203,0.4497573375325578,1.0,0.0,0.0,1.0,0.0,0.0
952,1.3454095895900517,-0.11165541819768583,0.6475355433943266,-0.7005984269070609,-0.18075386205003952,-0.7670698417798578,-0.883392958236271,0.7309960716945422,0.24940450108744586,-0.49189991815975065,0.0,1.0,0.0,0.0,1.0,0.0
367,0.025673670609310632,-0.45016779887368313,-0.12346167354734845,-0.8354319248206042,1.8318037778651701,-1.0361196988357009,0.11182467439499223,0.7309960716945422,1.6040836256991122,-0.43833776233138105,1.0,0.0,0.0,0.0,1.0,0.0
83,-1.0466117635625416,0.23711491340788657,-0.7402594471006886,1.3219040417960912,-0.5359110926233115,0.0875591159269384,-1.5468713799904465,-1.4810361292248146,-1.1052746235242203,0.8091421250261365,1.0,0.0,0.0,0.0,1.0,0.0
61,1.0154756098448665,-1.399028259859432,-0.7402594471006886,0.9174035480554609,-0.5359110926233115,1.385329014666887,-0.883392958236271,0.7309960716945422,0.24940450108744586,-1.2659594604536117,1.0,0.0,0.0,0.0,0.0,1.0
420,-1.3765457433077268,1.2423941045063012,-0.7402594471006886,-0.026430937339343444,0.2631926761665513,0.3249560486232706,-0.38578414192063976,0.7309960716945422,0.24940450108744586,2.0842669960370057,0.0,1.0,1.0,0.0,0.0,0.0
272,-0.4692272990084673,-1.3426095297467657,-1.7425558291248646,-0.026430937339343444,-1.009454066721008,0.7522705274766684,-1.5468713799904465,-0.37502002876513624,-1.1052746235242203,-0.6543141971231949,1.0,0.0,0.0,0.0,0.0,1.0
285,0.9329921149085703,0.8987527483655163,-0.35476083862985097,1.5915710376231782,1.5654358549352163,-2.033186816160296,1.4387815179033427,1.8370121721542205,1.6040836256991122,1.3067518307864756,0.0,1.0,1.0,0.0,0.0,0.0
360,0.5205746402270885,-0.04497873715544416,-0.35476083862985097,0.10840256057420003,0.3223855479287634,1.4328084012061542,-1.7127409854289901,-0.37502002876513624,-1.1052746235242203,0.1802187469123743,1.0,0.0,0.0,0.0,1.0,0.0
354,-1.1290952584988379,0.22685696247831075,1.8040313688068377,-0.4309314310799739,-1.7493649637486586,-0.29227597638719344,-0.5516537473591837,-0.37502002876513624,-1.1052746235242203,-0.7389769595615857,0.0,1.0,0.0,0.0,1.0,0.0
694,0.5205746402270885,-0.7630353022257406,-1.357057220654027,-0.5657649289935174,1.2102786243619437,-1.0519461610154566,0.11182467439499223,1.8370121721542205,1.6040836256991122,-0.06513048301112659,1.0,0.0,1.0,0.0,0.0,0.0
278,-0.63419428888106,-0.46042574980325857,-0.663159725406521,-1.5095994143883216,0.8255249579075656,-0.9569873879369235,0.11182467439499223,0.7309960716945422,1.6040836256991122,-0.1256038847528341,1.0,0.0,1.0,0.0,0.0,0.0
182,-0.386743804072171,-0.8143250568736189,0.33913665661765663,-0.4309314310799739,1.6246287266974284,-1.2260372449927666,0.11182467439499223,1.8370121721542205,1.6040836256991122,-1.0793558207934841,1.0,0.0,1.0,0.0,0.0,0.0
368,0.025673670609310632,-0.1783320992399282,-0.663159725406521,-1.2399324185612348,0.20399980440433915,1.1637585441503104,-1.8786105908675341,-0.37502002876513624,0.24940450108744586,0.22859746830574082,1.0,0.0,1.0,0.0,0.0,0.0
814,1.4278930845263482,-0.6861006702539231,1.0330341518651642,0.378069556401287,-0.5063146567422054,-0.387234749465726,1.1070423070262547,-0.37502002876513624,0.24940450108744586,-1.2469535341919322,0.0,1.0,1.0,0.0,0.0,0.0
598,-0.05680982432698569,-1.2913197750988874,0.10783749153515408,0.24323605848774352,-0.6838932720288418,-0.7987227661393687,-0.054044931043551764,0.7309960716945422,0.24940450108744586,-1.5026696329854397,0.0,1.0,0.0,0.0,1.0,0.0
223,1.5928600743989407,0.5192085639712173,1.1101338735593318,-0.9702654227341477,0.9143142655508837,-2.2705837488566285,1.4387815179033427,0.7309960716945422,1.6040836256991122,-0.11696482736116143,0.0,1.0,0.0,1.0,0.0,0.0
778,0.35560765035449593,-0.9374204680285271,-0.04636195185318095,1.1870705438825477,-0.6838932720288418,0.8155763761956901,-0.5516537473591837,0.7309960716945422,0.24940450108744586,-1.0361605338351214,1.0,0.0,0.0,0.0,1.0,0.0
680,-0.9641282686262452,-0.5373603817750761,0.5704358217001592,1.3219040417960912,0.6479463426209293,0.21417081336498178,0.7753030961491675,-1.4810361292248146,-1.1052746235242203,-0.8944799926116915,0.0,1.0,0.0,0.0,0.0,1.0
644,-1.2940622483714306,2.524637970703259,0.9559344301709967,-1.2399324185612348,-1.6013827843431288,-0.5454993712632807,1.6046511233418868,-1.4810361292248146,-1.1052746235242203,1.9443142662919097,0.0,1.0,0.0,0.0,0.0,1.0
486,1.1804425997174592,2.2220284182807775,1.4956324820301676,-1.644432912301865,0.29278911204765734,0.5148735947803362,-0.717523352797727,0.7309960716945422,0.24940450108744586,1.2290003142614228,0.0,1.0,0.0,0.0,0.0,1.0
923,1.0979591047811628,-0.0757525899441716,-1.1257580555715243,0.6477365522283739,-0.7134897079099478,1.5594200986441975,-1.049262563674815,-0.37502002876513624,0.24940450108744586,0.7072012478044003,1.0,0.0,0.0,1.0,0.0,0.0
841,0.9329921149085703,-0.5373603817750761,0.18493721322932158,1.5915710376231782,-0.1215609902878274,0.0717326537471827,-0.717523352797727,0.7309960716945422,0.24940450108744586,-0.7044207299948956,1.0,0.0,0.0,0.0,1.0,0.0
176,1.5928600743989407,-0.4655547252680465,0.41623637831182414,1.4567375397096347,0.9439107014319897,-1.1943843206332556,0.11182467439499223,0.7309960716945422,1.6040836256991122,-0.7441603939965894,1.0,0.0,0.0,1.0,0.0,0.0
846,-1.4590292382440233,1.1090407424218178,0.030737769840986567,1.3219040417960912,-0.7726825796721599,0.4357412838815588,1.6046511233418868,-1.4810361292248146,-1.1052746235242203,1.2307281257397569,0.0,1.0,1.0,0.0,0.0,0.0
677,0.10815716554560696,-0.9989681736059809,-0.508960282018186,1.1870705438825477,0.026421189117702856,1.242890855049088,-1.5468713799904465,-0.37502002876513624,0.24940450108744586,-0.8806575007850157,1.0,0.0,0.0,0.0,1.0,0.0
582,-0.139293319263282,0.21659901154873495,0.33913665661765663,-0.7005984269070609,0.29278911204765734,0.35660897298278144,-0.883392958236271,0.7309960716945422,0.24940450108744586,0.02817133681893749,0.0,1.0,0.0,1.0,0.0,0.0
500,1.2629260946537555,-1.3067067014932507,-1.7425558291248646,-0.5657649289935174,0.3519819838098688,0.8788822249147124,-1.049262563674815,-1.4810361292248146,-1.1052746235242203,-0.6007520412948247,1.0,0.0,0.0,0.0,1.0,0.0
490,0.19064066048190328,0.2832756925909766,0.2620369349234891,1.1870705438825477,0.026421189117702856,1.068799771071778,-0.717523352797727,0.7309960716945422,0.24940450108744586,0.14911814030235315,1.0,0.0,0.0,0.0,1.0,0.0
163,1.4278930845263482,0.8423340182528505,0.9559344301709967,-0.4309314310799739,0.9143142655508837,-2.2231043623173616,1.4387815179033427,0.7309960716945422,1.6040836256991122,0.28907087004744836,0.0,1.0,1.0,0.0,0.0,0.0
248,1.5928600743989407,0.12940642864734167,0.18493721322932158,-0.5657649289935174,-0.5063146567422054,-0.13401135458963864,0.44356388527207946,-1.4810361292248146,-1.1052746235242203,0.029899148297271656,0.0,1.0,0.0,1.0,0.0,0.0
617,0.8505086199722739,0.5961431959430348,1.1101338735593318,-1.2399324185612348,0.08561406087991495,-0.1814907411289052,-0.5516537473591837,0.7309960716945422,0.24940450108744586,-0.042668933792777496,0.0,1.0,0.0,1.0,0.0,0.0
970,1.6753435693352372,-0.5989080873525302,0.2620369349234891,-1.2399324185612348,1.358260803767474,-0.9886403122964343,0.11182467439499223,1.8370121721542205,1.6040836256991122,-0.8098172301733007,1.0,0.0,1.0,0.0,0.0,0.0
668,-0.05680982432698569,0.703851680703579,0.5704358217001592,0.7825700501419174,1.358260803767474,-2.3655425219351613,1.4387815179033427,0.7309960716945422,1.6040836256991122,0.3961951817041882,0.0,1.0,1.0,0.0,0.0,0.0
375,-1.3765457433077268,1.7809365283090235,0.7246352650884942,-1.644432912301865,-0.7726825796721599,0.49904713260058053,-0.5516537473591837,0.7309960716945422,0.24940450108744586,1.391414593224867,0.0,1.0,0.0,0.0,0.0,1.0
412,-0.4692272990084673,0.49869266211206564,2.0353305338893404,-1.5095994143883216,0.9735071373130958,-2.302236673216139,1.4387815179033427,0.7309960716945422,1.6040836256991122,-0.6093910986864973,0.0,1.0,0.0,0.0,1.0,0.0
74,0.19064066048190328,1.1295566442809688,-0.8173591687948544,-1.644432912301865,-0.3879289132177819,-0.2606230520276826,0.7753030961491675,0.7309960716945422,0.24940450108744586,2.0168823483819596,0.0,1.0,1.0,0.0,0.0,0.0
113,-1.7064797230529123,0.7961732390697598,1.5727322037243352,1.3219040417960912,1.358260803767474,-2.0806662026995624,1.4387815179033427,0.7309960716945422,1.6040836256991122,-0.11523701588282727,0.0,1.0,0.0,1.0,0.0,0.0
802,-1.5415127331803196,0.13966437957691746,0.18493721322932158,1.4567375397096347,0.20399980440433915,-0.007399657151594703,1.1070423070262547,-0.37502002876513624,0.24940450108744586,0.040266017167279115,0.0,1.0,0.0,0.0,0.0,1.0
544,-0.30426030913587465,-0.4296518970145315,0.10783749153515408,1.1870705438825477,-0.6838932720288418,0.7522705274766684,0.11182467439499223,0.7309960716945422,0.24940450108744586,-0.5437342625097861,0.0,1.0,0.0,1.0,0.0,0.0
390,0.5205746402270885,-0.7014875966482867,-0.04636195185318095,0.378069556401287,0.14480693264212707,-0.2606230520276826,0.7753030961491675,0.7309960716945422,0.24940450108744586,-0.7683497546932727,0.0,1.0,0.0,1.0,0.0,0.0
104,0.9329921149085703,-0.1270423445920499,1.8040313688068377,0.7825700501419174,-0.8614718873154781,0.0875591159269384,-1.049262563674815,-0.37502002876513624,-1.1052746235242203,-1.0482552141834631,0.0,1.0,0.0,0.0,1.0,0.0
114,1.0979591047811628,0.5294665149007931,-0.04636195185318095,-1.2399324185612348,-0.7430861437910539,-0.1023584302301278,0.11182467439499223,0.7309960716945422,0.24940450108744586,0.6329053542360165,0.0,1.0,0.0,0.0,1.0,0.0
417,0.5205746402270885,-1.2246430940566453,-0.663159725406521,0.6477365522283739,-0.03277168264450925,1.1162791576110445,-0.21991453648209575,0.7309960716945422,0.24940450108744586,-1.0828114437501533,1.0,0.0,0.0,0.0,1.0,0.0
442,-1.4590292382440233,0.4525318829289756,1.3414330386418325,-0.9702654227341477,1.5950322908163224,-2.1123191270590738,1.4387815179033427,0.7309960716945422,1.6040836256991122,-0.30702408997795794,0.0,1.0,0.0,0.0,0.0,1.0
409,-1.5415127331803196,-1.0759028055777984,-1.1257580555715243,0.24323605848774352,-2.252504373727461,0.7206176031171576,-1.7127409854289901,-1.4810361292248146,-1.1052746235242203,-0.6422195167748533,1.0,0.0,0.0,0.0,0.0,1.0
92,1.0979591047811628,0.09863257585861497,-0.7402594471006886,-1.644432912301865,-0.0031752467634031958,0.10338557810669353,1.7705207287804308,-0.37502002876513624,0.24940450108744586,0.6329053542360165,0.0,1.0,1.0,0.0,0.0,0.0
548,-0.386743804072171,-0.1885900501695033,-1.7425558291248646,-0.16126443525288692,0.3223855479287634,1.3695025524871325,-0.883392958236271,0.7309960716945422,0.24940450108744586,1.0734972812113164,1.0,0.0,1.0,0.0,0.0,0.0
89,-0.386743804072171,0.18069618329521997,-0.9715586121831894,-1.5095994143883216,-1.8381542713919767,0.6414852922183801,0.11182467439499223,-1.4810361292248146,-1.1052746235242203,0.9231776825962142,1.0,0.0,0.0,1.0,0.0,0.0
336,-1.6239962281166158,0.016568968422009958,0.18493721322932158,0.24323605848774352,-0.18075386205003952,0.942188073633734,-1.5468713799904465,0.7309960716945422,0.24940450108744586,-0.09450327814281295,1.0,0.0,1.0,0.0,0.0,0.0
961,-0.63419428888106,-0.28091160853568486,-0.4318605603240185,1.1870705438825477,-0.7134897079099478,0.942188073633734,-1.8786105908675341,0.7309960716945422,0.24940450108744586,-0.05303580266278496,1.0,0.0,0.0,0.0,0.0,1.0
895,-0.9641282686262452,0.18582515876000824,0.2620369349234891,0.5129030543148304,-1.7197685278675525,0.04007972938767185,-0.5516537473591837,-0.37502002876513624,-1.1052746235242203,0.043721640123948066,0.0,1.0,1.0,0.0,0.0,0.0
907,-0.386743804072171,1.5398746814639952,-0.12346167354734845,1.3219040417960912,-0.8910683231965841,0.35660897298278144,0.9411727015877115,-1.4810361292248146,-1.1052746235242203,1.8544680694185158,0.0,1.0,0.0,1.0,0.0,0.0
589,-0.7166777838173563,2.5400248970976222,2.1124302555835075,-0.2960979331664304,-0.0623681185256153,0.4673942082410697,1.1070423070262547,0.7309960716945422,0.24940450108744586,1.0734972812113164,0.0,1.0,1.0,0.0,0.0,0.0
780,-1.0466117635625416,0.037084870281160844,-0.4318605603240185,-1.644432912301865,0.3223855479287634,1.5752465608239532,-1.215132169113359,-1.4810361292248146,-1.1052746235242203,0.33053834552747696,1.0,0.0,0.0,0.0,1.0,0.0
594,-1.2940622483714306,1.8732580866752042,1.4956324820301676,-1.644432912301865,-1.098243374364326,0.11921204028644924,1.4387815179033427,-1.4810361292248146,-1.1052746235242203,0.9110830022478726,0.0,1.0,0.0,0.0,0.0,1.0
94,-1.3765457433077268,1.5655195587879345,0.8788347084768292,0.378069556401287,-0.03277168264450925,-0.7195904552405913,0.11182467439499223,-0.37502002876513624,0.24940450108744586,1.0562191664279716,0.0,1.0,0.0,0.0,1.0,0.0
11,1.1804425997174592,-1.0451289527890713,-0.20056139524151598,1.3219040417960912,-0.3287360414555698,-0.22897012766817118,1.4387815179033427,-0.37502002876513624,0.24940450108744586,-1.087994878185157,0.0,1.0,0.0,1.0,0.0,0.0
396,-0.7991612787536526,0.7500124598866696,-0.8173591687948544,-0.9702654227341477,0.7663320861453535,-1.764136959104453,1.4387815179033427,0.7309960716945422,1.6040836256991122,1.5296395114916272,0.0,1.0,0.0,0.0,1.0,0.0
910,-0.5517107939447636,0.9090106992950922,1.4956324820301676,0.6477365522283739,1.9797859572707002,-2.286410211036384,1.4387815179033427,0.7309960716945422,1.6040836256991122,0.029899148297271656,0.0,1.0,0.0,0.0,1.0,0.0
43,-1.6239962281166158,-0.5937791118877422,-1.048658333877357,-1.2399324185612348,-0.35833247733667584,0.799749914015935,-0.717523352797727,-1.4810361292248146,-1.1052746235242203,-0.04439674527111228,1.0,0.0,1.0,0.0,0.0,0.0
42,0.35560765035449593,2.109190958055445,0.8017349867826616,0.10840256057420003,0.5591570349776112,0.7680969896564236,0.44356388527207946,0.7309960716945422,0.24940450108744586,1.6609531838450498,0.0,1.0,0.0,0.0,0.0,1.0
329,0.19064066048190328,-0.04497873715544416,-0.663159725406521,-1.1050989206476913,0.470367727334293,0.9263616114539783,-0.5516537473591837,-0.37502002876513624,0.24940450108744586,0.39446737022585343,1.0,0.0,0.0,1.0,0.0,0.0
167,-1.0466117635625416,-0.9271625170989513,-1.511256664042362,-1.1050989206476913,-0.35833247733667584,0.29330312426375915,-1.5468713799904465,-0.37502002876513624,-1.1052746235242203,-0.19298853240788014,1.0,0.0,0.0,0.0,1.0,0.0
962,1.5103765794626445,0.5807562695486714,-0.5860600037123536,0.6477365522283739,0.9143142655508837,-1.8590957321829857,1.4387815179033427,0.7309960716945422,1.6040836256991122,1.1132369452130102,0.0,1.0,0.0,1.0,0.0,0.0
851,0.19064066048190328,-0.27065365760610904,0.10783749153515408,-0.7005984269070609,0.2335962402854452,0.6573117543981353,-0.5516537473591837,-0.37502002876513624,-1.1052746235242203,-0.36749749171966606,1.0,0.0,0.0,0.0,0.0,1.0
581,0.5205746402270885,-1.0040971490707689,1.1872335952534976,1.1870705438825477,-0.5359110926233115,0.6256588300386244,0.44356388527207946,0.7309960716945422,0.24940450108744586,-1.6132495675988485,0.0,1.0,0.0,0.0,1.0,0.0
735,-0.386743804072171,-0.3988780442258048,-0.8173591687948544,-0.026430937339343444,1.4766465472918981,-0.8303756904988795,0.11182467439499223,1.8370121721542205,1.6040836256991122,0.05408850899395491,1.0,0.0,0.0,0.0,0.0,1.0
100,-1.0466117635625416,0.28840466805576487,-0.8173591687948544,1.4567375397096347,-0.29913960557446373,0.7206176031171576,0.6094334907106235,-0.37502002876513624,0.24940450108744586,0.9370001744228901,0.0,1.0,0.0,0.0,0.0,1.0
426,1.4278930845263482,0.5345954903655806,1.1101338735593318,1.5915710376231782,0.7367356502642475,-1.8749221943627414,1.4387815179033427,1.8370121721542205,1.6040836256991122,-0.10314233553448564,0.0,1.0,0.0,0.0,0.0,1.0
178,1.4278930845263482,-0.9835812472116175,-0.663159725406521,-1.2399324185612348,-0.4767182208610994,0.3724354351625366,-0.5516537473591837,-0.37502002876513624,0.24940450108744586,-0.7804444350416138,1.0,0.0,1.0,0.0,0.0,0.0
444,0.19064066048190328,-0.2603957066765332,0.33913665661765663,-1.644432912301865,-0.1215609902878274,0.0875591159269384,-0.054044931043551764,-0.37502002876513624,0.24940450108744586,-0.483260860768078,0.0,1.0,0.0,1.0,0.0,0.0
416,-0.63419428888106,0.3448233981684307,-0.12346167354734845,-0.4309314310799739,0.6775427785020354,-0.05487904369086125,-0.21991453648209575,0.7309960716945422,0.24940450108744586,0.47740232118591003,0.0,1.0,0.0,1.0,0.0,0.0
630,0.5205746402270885,0.8987527483655163,0.6475355433943266,1.0522370459690042,1.2990679320052618,-2.001533891800785,1.4387815179033427,1.8370121721542205,1.6040836256991122,0.5465147803192909,0.0,1.0,0.0,0.0,0.0,1.0
857,1.1804425997174592,-0.39374906876101656,-1.357057220654027,-0.026430937339343444,1.5062429831730042,-0.8462021526786352,0.11182467439499223,0.7309960716945422,1.6040836256991122,0.45321296048922677,1.0,0.0,0.0,1.0,0.0,0.0
682,-0.22177681419957834,-0.6553268174651964,0.18493721322932158,-0.5657649289935174,-0.802279015553266,1.4961142499251758,-0.5516537473591837,-0.37502002876513624,-1.1052746235242203,-0.834006590869984,1.0,0.0,0.0,0.0,1.0,0.0
177,-0.7991612787536526,-0.8143250568736189,0.33913665661765663,-0.16126443525288692,-1.7197685278675525,1.3220231659478654,-0.054044931043551764,-0.37502002876513624,-1.1052746235242203,-1.0793558207934841,1.0,0.0,0.0,0.0,0.0,1.0
395,-1.0466117635625416,-0.4091359951553806,-1.7425558291248646,-0.2960979331664304,1.9797859572707002,-1.5742194129473872,0.11182467439499223,1.8370121721542205,1.6040836256991122,0.7434852888494247,1.0,0.0,0.0,0.0,1.0,0.0
657,-0.05680982432698569,-0.17320312377513994,1.4956324820301676,1.4567375397096347,0.14480693264212707,0.6256588300386244,0.6094334907106235,0.7309960716945422,0.24940450108744586,-0.9584090173100686,0.0,1.0,1.0,0.0,0.0,0.0
835,1.2629260946537555,-0.4040070196905924,-0.27766111693568346,0.9174035480554609,1.2694714961241558,-1.3526489424308104,0.11182467439499223,0.7309960716945422,1.6040836256991122,-0.2949294096296163,1.0,0.0,0.0,0.0,0.0,1.0
934,1.0979591047811628,-0.4347808724793194,-0.8173591687948544,-0.9702654227341477,0.115210496761021,-0.6721110687013248,-0.5516537473591837,0.7309960716945422,0.24940450108744586,0.007437599078923181,0.0,1.0,0.0,0.0,1.0,0.0
665,1.5928600743989407,-1.029742026394708,0.49333610000599165,-1.3747659164747783,-0.4175253490988873,0.7206176031171576,0.6094334907106235,-0.37502002876513624,-1.1052746235242203,-1.3748115835886858,0.0,1.0,0.0,1.0,0.0,0.0
383,-0.4692272990084673,-0.1988480010990791,0.18493721322932158,1.1870705438825477,-1.2166291178887503,0.6256588300386244,-1.5468713799904465,-1.4810361292248146,-1.1052746235242203,-0.33121345067464114,1.0,0.0,0.0,0.0,1.0,0.0
930,1.5928600743989407,-0.6553268174651964,-1.1257580555715243,-0.8354319248206042,2.0981717007951244,-0.8303756904988795,0.11182467439499223,0.7309960716945422,1.6040836256991122,-0.07549735188113343,1.0,0.0,0.0,0.0,1.0,0.0
257,-0.881644773689949,1.8681291112104168,0.49333610000599165,0.7825700501419174,0.20399980440433915,-0.03905258151110555,-0.883392958236271,0.7309960716945422,0.24940450108744586,1.6713200527150573,0.0,1.0,0.0,1.0,0.0,0.0
522,-0.63419428888106,-1.2246430940566453,-0.5860600037123536,-0.2960979331664304,-0.4767182208610994,0.1666914268257158,-0.21991453648209575,-1.4810361292248146,-1.1052746235242203,-1.1208232962735127,1.0,0.0,1.0,0.0,0.0,0.0
335,1.6753435693352372,0.8218181163936988,0.2620369349234891,1.5915710376231782,0.2631926761665513,0.29330312426375915,0.6094334907106235,-0.37502002876513624,0.24940450108744586,0.7348462314577525,0.0,1.0,0.0,0.0,1.0,0.0
597,-0.4692272990084673,-0.8040671059440434,-1.4341569423481944,0.10840256057420003,-0.5951039643855236,0.6573117543981353,-1.8786105908675341,-0.37502002876513624,-1.1052746235242203,-0.0703139174461297,1.0,0.0,0.0,0.0,1.0,0.0
15,0.025673670609310632,-1.516994695549552,0.18493721322932158,-1.3747659164747783,-0.3879289132177819,0.18251788900547095,-0.883392958236271,-1.4810361292248146,-1.1052746235242203,-1.780847280997296,1.0,0.0,0.0,0.0,1.0,0.0
3,-1.1290952584988379,-0.9681943208172538,-0.20056139524151598,-0.8354319248206042,-1.986136450797507,0.5940059056791136,-0.883392958236271,-0.37502002876513624,-1.1052746235242203,-0.9981486813117624,0.0,1.0,0.0,0.0,1.0,0.0
495,1.4278930845263482,2.355381780365261,1.3414330386418325,0.7825700501419174,-1.7789613996297646,-0.387234749465726,0.9411727015877115,-1.4810361292248146,-1.1052746235242203,1.4691661097499191,0.0,1.0,0.0,1.0,0.0,0.0
256,0.19064066048190328,0.5345954903655806,0.49333610000599165,-0.16126443525288692,1.2694714961241558,-1.637525261666409,1.4387815179033427,0.7309960716945422,1.6040836256991122,0.27006494378576884,0.0,1.0,1.0,0.0,0.0,0.0
529,0.2731241554181996,0.837205042788063,1.5727322037243352,0.378069556401287,1.2398750602430497,-2.001533891800785,1.4387815179033427,0.7309960716945422,1.6040836256991122,-0.07895297483780238,0.0,1.0,0.0,0.0,0.0,1.0
737,-0.386743804072171,2.2168994428159894,0.6475355433943266,0.6477365522283739,0.29278911204765734,-0.0865319680503721,-0.717523352797727,-1.4810361292248146,-1.1052746235242203,1.901118979333547,0.0,1.0,0.0,0.0,0.0,1.0
688,-0.7166777838173563,-0.4809416516624098,-0.4318605603240185,1.0522370459690042,-0.7134897079099478,0.1666914268257158,-0.054044931043551764,0.7309960716945422,0.24940450108744586,-0.2949294096296163,1.0,0.0,0.0,1.0,0.0,0.0
842,0.025673670609310632,0.4935636866472781,0.18493721322932158,-0.9702654227341477,0.1744033685232331,0.6414852922183801,0.2776942798335355,0.7309960716945422,0.24940450108744586,0.4307514112708783,0.0,1.0,1.0,0.0,0.0,0.0
393,0.35560765035449593,-0.2962985349300482,0.9559344301709967,-0.5657649289935174,-0.2399467338122516,0.3882618973422923,0.9411727015877115,-1.4810361292248146,-1.1052746235242203,-0.8322787793916492,0.0,1.0,1.0,0.0,0.0,0.0
222,-1.2115787534351343,-0.6758427193243476,0.2620369349234891,1.4567375397096347,-1.8677507072730828,0.799749914015935,-1.5468713799904465,-0.37502002876513624,-1.1052746235242203,-0.8944799926116915,1.0,0.0,0.0,1.0,0.0,0.0
179,-1.6239962281166158,-1.183611290338343,-0.27766111693568346,0.24323605848774352,-0.6247004002666297,0.6573117543981353,-0.38578414192063976,-0.37502002876513624,-1.1052746235242203,-1.2141251161035762,1.0,0.0,0.0,0.0,0.0,1.0
289,0.6855416300996813,0.514079588506429,0.8788347084768292,0.378069556401287,0.3223855479287634,-0.1023584302301278,1.2729119124647987,0.7309960716945422,0.24940450108744586,0.010893222035592131,0.0,1.0,0.0,0.0,1.0,0.0
920,1.0154756098448665,0.8269470918584871,-0.8173591687948544,1.3219040417960912,0.8847178296697776,-2.096492664879318,1.4387815179033427,0.7309960716945422,1.6040836256991122,1.6281247657566946,0.0,1.0,1.0,0.0,0.0,0.0
324,0.2731241554181996,-0.7476483758313772,-0.4318605603240185,-0.9702654227341477,-0.35833247733667584,1.4328084012061542,-0.38578414192063976,-1.4810361292248146,-1.1052746235242203,-0.6163023445998352,1.0,0.0,0.0,0.0,0.0,1.0
799,0.35560765035449593,-0.2860405840004724,0.8017349867826616,-0.4309314310799739,-0.44712178497999333,0.3249560486232706,-0.38578414192063976,-0.37502002876513624,0.24940450108744586,-0.7476160169532584,0.0,1.0,0.0,0.0,0.0,1.0
9,-0.881644773689949,1.5244877550696319,0.8788347084768292,0.24323605848774352,-0.5359110926233115,0.7364440652969128,0.11182467439499223,-0.37502002876513624,-1.1052746235242203,1.0164795024262776,0.0,1.0,1.0,0.0,0.0,0.0
249,1.0979591047811628,-1.3836413334650681,-0.04636195185318095,1.0522370459690042,-0.9798576308399018,0.3882618973422923,1.1070423070262547,-1.4810361292248146,-1.1052746235242203,-1.5458649199438024,0.0,1.0,1.0,0.0,0.0,0.0
22,0.9329921149085703,-0.055236688085019976,-0.35476083862985097,1.0522370459690042,-0.2695431696933577,1.2745437794085994,-0.21991453648209575,-1.4810361292248146,-1.1052746235242203,0.16812406656403267,1.0,0.0,0.0,0.0,0.0,1.0
356,-0.63419428888106,-0.49119960259198564,-0.8173591687948544,1.5915710376231782,0.8847178296697776,-1.3526489424308104,0.11182467439499223,0.7309960716945422,1.6040836256991122,-0.06513048301112659,1.0,0.0,0.0,1.0,0.0,0.0
221,0.8505086199722739,0.514079588506429,1.0330341518651642,0.24323605848774352,1.8022073419840645,-1.7166575725651865,1.4387815179033427,0.7309960716945422,1.6040836256991122,-0.07895297483780238,0.0,1.0,0.0,0.0,1.0,0.0
752,-1.4590292382440233,0.10889052678819078,1.5727322037243352,-0.8354319248206042,0.1744033685232331,0.5148735947803362,-0.21991453648209575,-0.37502002876513624,0.24940450108744586,-0.7372491480832509,0.0,1.0,0.0,1.0,0.0,0.0
837,0.35560765035449593,-0.10139746726811075,-0.508960282018186,-0.5657649289935174,-0.802279015553266,1.5119407121049315,-0.054044931043551764,-1.4810361292248146,-1.1052746235242203,0.2165027879573992,1.0,0.0,0.0,0.0,1.0,0.0
956,0.9329921149085703,-1.0399999773242838,-1.7425558291248646,-0.5657649289935174,0.1744033685232331,1.2587173172288437,-0.717523352797727,-0.37502002876513624,-1.1052746235242203,-0.20162758979955284,1.0,0.0,0.0,1.0,0.0,0.0
572,-0.22177681419957834,0.8166891409289113,-0.12346167354734845,1.4567375397096347,1.8022073419840645,-2.064839740519807,1.4387815179033427,1.8370121721542205,1.6040836256991122,1.0199351253829467,0.0,1.0,0.0,1.0,0.0,0.0
340,0.9329921149085703,0.9603004539429705,-0.12346167354734845,-0.026430937339343444,-0.5655075285044175,-0.387234749465726,1.2729119124647987,0.7309960716945422,0.24940450108744586,1.1858050273030598,0.0,1.0,0.0,0.0,0.0,1.0
431,0.10815716554560696,-0.7117455475778622,1.9582308121951726,1.5915710376231782,0.499964163215399,-0.1656642789491495,-0.21991453648209575,-0.37502002876513624,0.24940450108744586,-1.6132495675988485,0.0,1.0,1.0,0.0,0.0,0.0
535,1.6753435693352372,0.3037915944501282,1.4956324820301676,-1.2399324185612348,-1.6013827843431288,0.4832206704208254,0.11182467439499223,-0.37502002876513624,-1.1052746235242203,-0.5230005247697718,0.0,1.0,1.0,0.0,0.0,0.0
810,0.5205746402270885,-0.3988780442258048,-1.4341569423481944,-0.5657649289935174,1.2102786243619437,-1.542566488587876,0.11182467439499223,0.7309960716945422,1.6040836256991122,0.5050473048392622,1.0,0.0,0.0,0.0,0.0,1.0
622,0.19064066048190328,0.549982416759944,-0.508960282018186,1.5915710376231782,2.0981717007951244,-2.191451437957851,1.4387815179033427,1.8370121721542205,1.6040836256991122,1.0130238794696087,0.0,1.0,0.0,1.0,0.0,0.0
203,1.0154756098448665,-0.7527773512961651,0.33913665661765663,1.3219040417960912,-0.5359110926233115,1.037146846712267,-0.883392958236271,0.7309960716945422,0.24940450108744586,-1.013698984616773,1.0,0.0,0.0,0.0,0.0,1.0
613,0.10815716554560696,-0.4655547252680465,2.1124302555835075,1.1870705438825477,0.470367727334293,0.277476662084004,0.44356388527207946,0.7309960716945422,0.24940450108744586,-1.4577465345487424,0.0,1.0,0.0,0.0,1.0,0.0
93,0.9329921149085703,-0.8040671059440434,-1.048658333877357,1.5915710376231782,-0.0031752467634031958,1.4644613255656644,-0.054044931043551764,-0.37502002876513624,-1.1052746235242203,-0.3243022047613033,1.0,0.0,0.0,1.0,0.0,0.0
542,0.6030581351633849,0.6269170487317615,2.1124302555835075,0.5129030543148304,1.6838215984596405,-1.8590957321829857,1.4387815179033427,1.8370121721542205,1.6040836256991122,-0.5385508280747824,0.0,1.0,0.0,1.0,0.0,0.0
68,-0.63419428888106,-0.5630052590990152,0.2620369349234891,0.6477365522283739,1.6246287266974284,-1.0202932366559452,0.11182467439499223,0.7309960716945422,1.6040836256991122,-0.7718053776499416,1.0,0.0,0.0,0.0,0.0,1.0
605,-0.30426030913587465,0.6935937297740031,0.9559344301709967,-0.9702654227341477,1.5358394190541103,-1.66917818602592,1.4387815179033427,1.8370121721542205,1.6040836256991122,0.14220689438901526,0.0,1.0,0.0,0.0,1.0,0.0
284,-0.386743804072171,0.10889052678819078,-1.2028577772656919,-1.3747659164747783,0.6183499067398233,1.2112379306895777,-0.38578414192063976,-0.37502002876513624,-1.1052746235242203,1.0216629368612815,1.0,0.0,1.0,0.0,0.0,0.0
781,0.35560765035449593,-0.2962985349300482,0.33913665661765663,-0.7005984269070609,0.6479463426209293,1.2112379306895777,-1.5468713799904465,0.7309960716945422,0.24940450108744586,-0.5230005247697718,1.0,0.0,0.0,1.0,0.0,0.0
434,1.1804425997174592,-0.20910595202865492,-0.20056139524151598,-0.7005984269070609,-0.5951039643855236,0.008426805028161,-0.38578414192063976,0.7309960716945422,0.24940450108744586,-0.11350920440449248,1.0,0.0,0.0,1.0,0.0,0.0
153,-0.881644773689949,-1.029742026394708,-0.8944588904890218,1.0522370459690042,0.1744033685232331,0.45156774606131395,-1.049262563674815,-0.37502002876513624,0.24940450108744586,-0.7130597873865683,1.0,0.0,0.0,0.0,0.0,1.0
75,0.35560765035449593,-0.8502278851271339,0.7246352650884942,0.5129030543148304,-0.5359110926233115,-0.782896303959613,-1.049262563674815,-0.37502002876513624,-1.1052746235242203,-1.2832375752369565,0.0,1.0,0.0,0.0,1.0,0.0
711,-0.63419428888106,-0.7271324739722259,-1.2799574989598594,-1.644432912301865,1.5950322908163224,-1.5742194129473872,0.11182467439499223,1.8370121721542205,1.6040836256991122,-0.06858610596779553,1.0,0.0,0.0,0.0,0.0,1.0
446,-1.6239962281166158,1.1808463989288471,0.9559344301709967,-1.644432912301865,-0.15115742616893346,0.04007972938767185,-0.5516537473591837,0.7309960716945422,0.24940450108744586,0.622538485366009,0.0,1.0,0.0,0.0,0.0,1.0
188,0.8505086199722739,-0.5117155044511369,-0.508960282018186,1.4567375397096347,0.3223855479287634,0.9896674601730006,-1.3810017745519025,-0.37502002876513624,0.24940450108744586,-0.28456254075960946,1.0,0.0,0.0,1.0,0.0,0.0
271,1.0979591047811628,1.6988729208724185,-0.8173591687948544,-0.16126443525288692,0.29278911204765734,0.40408835952204797,0.9411727015877115,-0.37502002876513624,-1.1052746235242203,2.7477466037174585,0.0,1.0,0.0,1.0,0.0,0.0
236,1.6753435693352372,0.7602704108162455,0.2620369349234891,-0.2960979331664304,-0.3879289132177819,0.7522705274766684,0.7753030961491675,-0.37502002876513624,0.24940450108744586,0.6674615838027065,0.0,1.0,0.0,0.0,1.0,0.0
487,-0.9641282686262452,-0.04497873715544416,1.8811310905010052,1.4567375397096347,-1.5421899125809166,0.13503850246620439,1.6046511233418868,-0.37502002876513624,-1.1052746235242203,-1.0085155501817693,0.0,1.0,0.0,1.0,0.0,0.0
117,-1.5415127331803196,0.5448534412951564,2.0353305338893404,-0.4309314310799739,1.2694714961241558,-1.6533517238461646,1.4387815179033427,1.8370121721542205,1.6040836256991122,-0.5713792461631383,0.0,1.0,0.0,1.0,0.0,0.0
795,0.10815716554560696,0.4935636866472781,0.10783749153515408,-0.5657649289935174,-1.039050502602114,0.3091295864435149,0.11182467439499223,-1.4810361292248146,-1.1052746235242203,0.48431356709924794,0.0,1.0,0.0,0.0,0.0,1.0
512,-0.7166777838173563,-0.6604557929299839,-0.7402594471006886,1.5915710376231782,1.7430144702218524,-1.1469049340939892,0.11182467439499223,0.7309960716945422,1.6040836256991122,-0.3294856391963064,1.0,0.0,0.0,0.0,1.0,0.0
570,-1.2940622483714306,-0.21936390295823072,-0.8944588904890218,0.5129030543148304,0.2335962402854452,1.4644613255656644,-1.3810017745519025,-1.4810361292248146,-1.1052746235242203,0.3409052143974838,1.0,0.0,0.0,1.0,0.0,0.0
575,-0.9641282686262452,-0.9784522717468296,-1.1257580555715243,-0.026430937339343444,-0.0031752467634031958,1.4961142499251758,-1.3810017745519025,0.7309960716945422,0.24940450108744586,-0.5109058444214302,1.0,0.0,1.0,0.0,0.0,0.0
126,-0.5517107939447636,-0.6707137438595597,-0.508960282018186,0.24323605848774352,-2.222907937846355,0.942188073633734,-1.3810017745519025,-1.4810361292248146,-1.1052746235242203,-0.47980523781140905,1.0,0.0,1.0,0.0,0.0,0.0
116,-0.63419428888106,-1.5272526464791276,-0.9715586121831894,1.0522370459690042,-0.5063146567422054,0.008426805028161,-1.215132169113359,-0.37502002876513624,0.24940450108744586,-1.324705050716985,1.0,0.0,1.0,0.0,0.0,0.0
473,0.6030581351633849,-1.029742026394708,-0.5860600037123536,0.10840256057420003,-1.6605756561053409,1.4328084012061542,-1.215132169113359,-1.4810361292248146,-1.1052746235242203,-0.8789296893066809,1.0,0.0,1.0,0.0,0.0,0.0
839,-1.2940622483714306,1.8014524301681751,1.5727322037243352,-0.9702654227341477,-0.3287360414555698,-0.7670698417798578,0.7753030961491675,0.7309960716945422,0.24940450108744586,0.793591821721126,0.0,1.0,0.0,1.0,0.0,0.0
57,-1.4590292382440233,-1.1169346092961012,-1.5883563857365295,0.6477365522283739,-0.5359110926233115,1.1321056197908002,-0.054044931043551764,-0.37502002876513624,-1.1052746235242203,-0.41760402459136675,1.0,0.0,1.0,0.0,0.0,0.0
655,0.8505086199722739,0.349952373633219,0.030737769840986567,0.24323605848774352,0.3519819838098688,1.4169819390263985,-0.5516537473591837,-1.4810361292248146,-1.1052746235242203,0.3754614439641739,1.0,0.0,1.0,0.0,0.0,0.0
886,-0.63419428888106,-0.9528073944228904,0.2620369349234891,0.9174035480554609,-0.1215609902878274,0.40408835952204797,-1.3810017745519025,0.7309960716945422,0.24940450108744586,-1.1951191898418967,1.0,0.0,0.0,0.0,1.0,0.0
369,1.6753435693352372,2.6272174799990156,1.1872335952534976,0.6477365522283739,0.115210496761021,-0.3239289007467043,-0.054044931043551764,0.7309960716945422,0.24940450108744586,1.8492846349835121,0.0,1.0,0.0,1.0,0.0,0.0
268,-0.30426030913587465,-1.1118056338313134,-0.9715586121831894,-0.4309314310799739,-0.6838932720288418,0.6414852922183801,-1.215132169113359,0.7309960716945422,0.24940450108744586,-0.7769888120849447,1.0,0.0,1.0,0.0,0.0,0.0
46,-1.2115787534351343,-0.8912596888454364,0.10783749153515408,-1.2399324185612348,-1.2462255537698563,-0.33975536292645997,1.6046511233418868,-0.37502002876513624,-1.1052746235242203,-1.0568942715751357,0.0,1.0,0.0,0.0,0.0,1.0
349,-0.7166777838173563,-0.4091359951553806,1.1101338735593318,0.6477365522283739,-1.8381542713919767,0.18251788900547095,-0.883392958236271,-1.4810361292248146,-1.1052746235242203,-1.0119711731384389,0.0,1.0,0.0,0.0,0.0,1.0
195,-1.2940622483714306,-1.547768548338279,-1.1257580555715243,0.6477365522283739,-2.0749257584408247,0.277476662084004,-1.3810017745519025,-0.37502002876513624,-1.1052746235242203,-1.2797819522802876,1.0,0.0,0.0,1.0,0.0,0.0
972,0.6030581351633849,0.8525919691824263,-0.7402594471006886,0.5129030543148304,-1.5125934766998106,0.5940059056791136,1.4387815179033427,-1.4810361292248146,-1.1052746235242203,1.5883851017550012,0.0,1.0,0.0,0.0,1.0,0.0
811,-0.9641282686262452,0.883365821971153,1.1101338735593318,-0.026430937339343444,1.062296444956414,-1.9540545052615188,1.4387815179033427,1.8370121721542205,1.6040836256991122,0.23378090274074392,0.0,1.0,0.0,0.0,1.0,0.0
716,1.0154756098448665,-0.41939394608495606,0.5704358217001592,1.3219040417960912,-0.5655075285044175,1.3695025524871325,0.11182467439499223,0.7309960716945422,0.24940450108744586,-0.7718053776499416,1.0,0.0,0.0,1.0,0.0,0.0
263,1.0979591047811628,-1.245158995915797,-1.4341569423481944,0.10840256057420003,0.2335962402854452,0.7522705274766684,-1.215132169113359,-0.37502002876513624,0.24940450108744586,-0.695781672603223,1.0,0.0,1.0,0.0,0.0,0.0
443,-0.4692272990084673,-0.4091359951553806,-0.7402594471006886,1.5915710376231782,0.9439107014319897,-1.368475404610566,0.11182467439499223,1.8370121721542205,1.6040836256991122,-0.009840515704422176,1.0,0.0,0.0,0.0,1.0,0.0
656,-0.881644773689949,0.3396944227036432,-0.7402594471006886,-0.4309314310799739,-0.4767182208610994,1.0529733088920223,-1.3810017745519025,-0.37502002876513624,0.24940450108744586,0.9387279859012249,1.0,0.0,0.0,0.0,1.0,0.0
304,1.0979591047811628,0.011439992957221689,1.6498319254185025,-0.8354319248206042,0.5887534708587172,-0.6246316821620582,0.44356388527207946,-0.37502002876513624,0.24940450108744586,-0.8599237630450014,0.0,1.0,0.0,0.0,0.0,1.0
341,-1.0466117635625416,-0.6553268174651964,-1.665456107430697,1.1870705438825477,1.2990679320052618,-1.5742194129473872,0.11182467439499223,1.8370121721542205,1.6040836256991122,0.3149880422224664,1.0,0.0,0.0,0.0,1.0,0.0
940,0.35560765035449593,-1.327222603352402,-0.7402594471006886,0.378069556401287,-0.2399467338122516,-0.5296729090835256,-0.883392958236271,-1.4810361292248146,-1.1052746235242203,-1.1743854521018824,0.0,1.0,0.0,0.0,1.0,0.0
149,0.5205746402270885,-0.3578462405075023,0.41623637831182414,0.5129030543148304,0.5887534708587172,0.9896674601730006,-0.5516537473591837,-0.37502002876513624,-1.1052746235242203,-0.628397024948177,1.0,0.0,1.0,0.0,0.0,0.0
124,-1.0466117635625416,0.7243675825627305,-0.35476083862985097,1.3219040417960912,2.0981717007951244,-1.8590957321829857,1.4387815179033427,1.8370121721542205,1.6040836256991122,1.0976866419079996,0.0,1.0,0.0,0.0,1.0,0.0
765,-0.30426030913587465,1.503971853210481,0.2620369349234891,0.24323605848774352,-1.2462255537698563,-0.22897012766817118,0.44356388527207946,-1.4810361292248146,-1.1052746235242203,1.4778051671415926,0.0,1.0,0.0,1.0,0.0,0.0
50,-0.386743804072171,-1.0810317810425862,-0.8173591687948544,-1.2399324185612348,0.470367727334293,0.9105351492742232,-0.38578414192063976,-0.37502002876513624,0.24940450108744586,-0.8219119105216424,1.0,0.0,0.0,0.0,0.0,1.0
353,-1.7064797230529123,0.03195589481637331,-1.357057220654027,-0.8354319248206042,-1.2462255537698563,0.7522705274766684,-1.049262563674815,-0.37502002876513624,-1.1052746235242203,1.0493079205146336,1.0,0.0,1.0,0.0,0.0,0.0
901,1.5103765794626445,-1.0348710018594958,-1.2028577772656919,0.6477365522283739,-0.6247004002666297,0.6414852922183801,-0.054044931043551764,-0.37502002876513624,0.24940450108744586,-0.5402786395531172,1.0,0.0,0.0,1.0,0.0,0.0
142,0.8505086199722739,2.2168994428159894,1.418532760336,-0.16126443525288692,0.3519819838098688,0.6573117543981353,0.9411727015877115,-1.4810361292248146,-1.1052746235242203,1.2825624700897922,0.0,1.0,0.0,1.0,0.0,0.0
399,1.0154756098448665,-0.3681041914370774,-0.9715586121831894,-0.9702654227341477,0.6775427785020354,0.9580145358134897,-0.21991453648209575,0.7309960716945422,0.24940450108744586,0.2009524846523886,1.0,0.0,0.0,0.0,0.0,1.0
616,-0.9641282686262452,-0.4296518970145315,-1.5883563857365295,-0.2960979331664304,-0.21035029793114554,0.05590619156742699,-0.883392958236271,0.7309960716945422,0.24940450108744586,0.5845266328426499,1.0,0.0,0.0,0.0,1.0,0.0
320,0.10815716554560696,-0.42452292154974397,-0.8173591687948544,1.3219040417960912,0.115210496761021,-0.6721110687013248,1.2729119124647987,-1.4810361292248146,-1.1052746235242203,0.021260090905598977,0.0,1.0,0.0,1.0,0.0,0.0
19,1.3454095895900517,0.16018028143606908,-0.4318605603240185,-1.5095994143883216,0.3223855479287634,0.024253267207916145,-0.717523352797727,-1.4810361292248146,-1.1052746235242203,0.4791301326642448,1.0,0.0,0.0,1.0,0.0,0.0
786,1.1804425997174592,-1.4041572353242195,0.49333610000599165,1.3219040417960912,0.2335962402854452,0.2616501999042483,-0.883392958236271,-0.37502002876513624,0.24940450108744586,-1.7687526006489545,1.0,0.0,0.0,0.0,0.0,1.0
950,-0.63419428888106,0.23711491340788657,-0.8173591687948544,1.5915710376231782,0.38157841969097483,0.4832206704208254,-0.5516537473591837,0.7309960716945422,0.24940450108744586,0.8713433382461788,1.0,0.0,0.0,0.0,0.0,1.0
785,0.35560765035449593,1.1244276688161812,0.49333610000599165,-0.026430937339343444,0.14480693264212707,-0.29227597638719344,1.2729119124647987,-1.4810361292248146,-1.1052746235242203,0.8903492645078583,0.0,1.0,0.0,1.0,0.0,0.0
407,0.025673670609310632,-0.5219734553807127,0.33913665661765663,0.9174035480554609,0.1744033685232331,0.04007972938767185,-0.5516537473591837,-0.37502002876513624,-1.1052746235242203,-0.7648941317366031,0.0,1.0,0.0,0.0,1.0,0.0
537,-0.63419428888106,-1.5067367446199762,0.2620369349234891,0.378069556401287,0.5887534708587172,1.5594200986441975,-0.717523352797727,-0.37502002876513624,-1.1052746235242203,-1.7981253957806413,1.0,0.0,0.0,0.0,1.0,0.0
38,-1.4590292382440233,-0.48607062712719773,0.6475355433943266,-0.026430937339343444,0.115210496761021,0.40408835952204797,1.4387815179033427,0.7309960716945422,0.24940450108744586,-0.8772018778283467,0.0,1.0,0.0,0.0,1.0,0.0
175,0.19064066048190328,-0.37323316690186564,-0.12346167354734845,-1.1050989206476913,-0.18075386205003952,-0.4030612116454817,0.2776942798335355,-0.37502002876513624,0.24940450108744586,-0.3502193769363207,0.0,1.0,0.0,0.0,1.0,0.0
245,1.2629260946537555,-0.8656148115214972,-0.12346167354734845,0.6477365522283739,-1.4534006049375985,-0.1023584302301278,0.2776942798335355,-1.4810361292248146,-1.1052746235242203,-0.9169415418300406,0.0,1.0,1.0,0.0,0.0,0.0
946,1.5103765794626445,0.18069618329521997,-0.4318605603240185,0.378069556401287,-0.6247004002666297,1.037146846712267,-1.3810017745519025,-0.37502002876513624,0.24940450108744586,0.5050473048392622,1.0,0.0,1.0,0.0,0.0,0.0
649,-0.9641282686262452,0.8423340182528505,1.9582308121951726,-1.2399324185612348,1.5950322908163224,-2.207277900137606,1.4387815179033427,0.7309960716945422,1.6040836256991122,-0.2793791063246057,0.0,1.0,1.0,0.0,0.0,0.0
806,1.0979591047811628,2.278447148393443,-0.27766111693568346,-1.5095994143883216,-2.163715066084143,0.35660897298278144,-0.38578414192063976,-1.4810361292248146,-1.1052746235242203,2.8686934072008734,0.0,1.0,1.0,0.0,0.0,0.0
834,1.5928600743989407,0.1704382323656449,0.41623637831182414,0.10840256057420003,-0.6247004002666297,0.15086496464596008,-0.21991453648209575,0.7309960716945422,0.24940450108744586,-0.06685829448946075,1.0,0.0,1.0,0.0,0.0,0.0
154,0.5205746402270885,2.119448908985021,-0.12346167354734845,0.10840256057420003,-1.2758219896509624,-0.1656642789491495,-0.5516537473591837,-1.4810361292248146,-1.1052746235242203,2.521403300055637,0.0,1.0,0.0,0.0,1.0,0.0
287,0.025673670609310632,1.7142598472667818,2.0353305338893404,1.1870705438825477,-1.3350148614131743,0.21417081336498178,-0.21991453648209575,-1.4810361292248146,-1.1052746235242203,0.42384016535754043,0.0,1.0,0.0,1.0,0.0,0.0
653,-1.7064797230529123,-1.0964187074369496,-1.511256664042362,-1.3747659164747783,0.08561406087991495,1.2587173172288437,-0.883392958236271,-0.37502002876513624,0.24940450108744586,-0.43660995085304627,1.0,0.0,0.0,0.0,0.0,1.0
569,1.1804425997174592,-0.5681342345638031,-0.7402594471006886,1.5915710376231782,-2.134118630203037,-0.7987227661393687,1.2729119124647987,-0.37502002876513624,-1.1052746235242203,-0.21199445866955968,0.0,1.0,1.0,0.0,0.0,0.0
722,0.43809114529079224,-0.5989080873525302,-0.5860600037123536,-1.1050989206476913,0.026421189117702856,1.195411468509822,-0.883392958236271,0.7309960716945422,0.24940450108744586,-0.345035942501317,1.0,0.0,0.0,1.0,0.0,0.0
17,0.19064066048190328,-1.4503180145073102,0.33913665661765663,-0.5657649289935174,-0.21035029793114554,1.084626233251533,-1.7127409854289901,-0.37502002876513624,-1.1052746235242203,-1.7635691662139508,1.0,0.0,1.0,0.0,0.0,0.0
127,0.35560765035449593,-0.757906326760953,0.49333610000599165,-0.026430937339343444,2.1277681366762304,-1.1469049340939892,0.11182467439499223,0.7309960716945422,1.6040836256991122,-1.0897226896634917,1.0,0.0,0.0,0.0,0.0,1.0
322,-1.5415127331803196,0.13453540411212994,-1.1257580555715243,-0.026430937339343444,-0.6542968361477357,1.2270643928693323,-0.38578414192063976,-0.37502002876513624,0.24940450108744586,0.9905623302512603,1.0,0.0,0.0,0.0,1.0,0.0
255,0.9329921149085703,-1.1015476829017374,-0.27766111693568346,-0.2960979331664304,0.14480693264212707,-0.19731720330866034,0.6094334907106235,-1.4810361292248146,-1.1052746235242203,-1.1173676733168438,0.0,1.0,1.0,0.0,0.0,0.0
685,-0.63419428888106,-0.7117455475778622,0.030737769840986567,1.0522370459690042,-0.2695431696933577,0.11921204028644924,-1.3810017745519025,-0.37502002876513624,0.24940450108744586,-0.8184562875649734,1.0,0.0,0.0,0.0,0.0,1.0
938,-0.22177681419957834,-0.6655847683947719,0.41623637831182414,-0.2960979331664304,-1.2166291178887503,1.4961142499251758,-0.717523352797727,-1.4810361292248146,-1.1052746235242203,-0.9566812058317344,1.0,0.0,1.0,0.0,0.0,0.0
190,-1.7064797230529123,-0.20397697656386737,0.5704358217001592,-1.644432912301865,-0.4767182208610994,0.05590619156742699,1.1070423070262547,0.7309960716945422,0.24940450108744586,-0.5471898854664551,0.0,1.0,0.0,0.0,0.0,1.0
115,1.2629260946537555,-0.2603957066765332,-0.35476083862985097,0.10840256057420003,-2.1045221943219308,-0.7195904552405913,0.2776942798335355,-0.37502002876513624,-1.1052746235242203,-0.07722516335946822,0.0,1.0,0.0,0.0,0.0,1.0
599,-0.881644773689949,-0.03984976169065663,-0.4318605603240185,0.10840256057420003,0.5887534708587172,0.4832206704208254,-1.8786105908675341,0.7309960716945422,0.24940450108744586,0.23896433717574767,1.0,0.0,0.0,0.0,1.0,0.0
301,-1.3765457433077268,-0.8707437869862851,-0.8944588904890218,0.7825700501419174,1.062296444956414,-0.8145492283191244,0.11182467439499223,0.7309960716945422,1.6040836256991122,-0.5057224099864265,1.0,0.0,0.0,1.0,0.0,0.0
816,0.35560765035449593,-0.1783320992399282,-1.5883563857365295,0.7825700501419174,0.470367727334293,0.4832206704208254,-0.054044931043551764,0.7309960716945422,0.24940450108744586,0.9508226662495665,1.0,0.0,0.0,0.0,0.0,1.0
693,1.0154756098448665,-0.5835211609581664,-0.12346167354734845,-0.2960979331664304,-0.35833247733667584,-0.46636706036450337,-0.21991453648209575,-1.4810361292248146,-1.1052746235242203,-0.592112983903152,0.0,1.0,0.0,0.0,1.0,0.0
704,0.6855416300996813,-0.30142751039483573,-0.12346167354734845,1.1870705438825477,0.470367727334293,-0.3555818251062151,0.44356388527207946,-0.37502002876513624,-1.1052746235242203,-0.26728442597626406,0.0,1.0,0.0,1.0,0.0,0.0
666,1.0979591047811628,-1.02461305092992,-0.4318605603240185,-1.3747659164747783,0.7071392143831414,1.1004526954312888,-1.8786105908675341,-1.4810361292248146,-1.1052746235242203,-0.9514977713967306,1.0,0.0,0.0,0.0,0.0,1.0
643,1.0979591047811628,0.4012421282810973,-1.665456107430697,-1.1050989206476913,-1.5125934766998106,1.0213203845325114,-0.054044931043551764,-0.37502002876513624,-1.1052746235242203,1.8752018071585297,1.0,0.0,0.0,0.0,1.0,0.0
517,-0.22177681419957834,0.9346555766190313,-0.5860600037123536,1.1870705438825477,0.3519819838098688,-0.21314366548841604,1.2729119124647987,0.7309960716945422,0.24940450108744586,1.5521010607099763,0.0,1.0,1.0,0.0,0.0,0.0
957,0.2731241554181996,-0.7373904249018014,-1.2028577772656919,-1.3747659164747783,1.6838215984596405,-1.1627313962737449,0.11182467439499223,0.7309960716945422,1.6040836256991122,-0.1342429421445068,1.0,0.0,1.0,0.0,0.0,0.0
45,0.5205746402270885,-1.0092261245355567,0.9559344301709967,1.4567375397096347,-0.18075386205003952,0.024253267207916145,-0.21991453648209575,-0.37502002876513624,-1.1052746235242203,-1.5337702395954609,0.0,1.0,0.0,0.0,1.0,0.0
883,-0.7991612787536526,-1.183611290338343,-1.2028577772656919,-1.2399324185612348,0.20399980440433915,0.22999727554473748,-0.054044931043551764,-0.37502002876513624,0.24940450108744586,-0.7441603939965894,1.0,0.0,0.0,0.0,0.0,1.0
157,0.9329921149085703,-0.2552667312117457,0.18493721322932158,-0.4309314310799739,-1.7493649637486586,1.068799771071778,0.11182467439499223,-0.37502002876513624,-1.1052746235242203,-0.3934146638946835,1.0,0.0,1.0,0.0,0.0,0.0
723,1.0154756098448665,-1.1682243639439795,-0.8944588904890218,-0.9702654227341477,0.29278911204765734,0.5148735947803362,0.44356388527207946,-1.4810361292248146,-1.1052746235242203,-0.8927521811333573,0.0,1.0,1.0,0.0,0.0,0.0
171,0.19064066048190328,-1.0553869037186472,0.5704358217001592,-0.2960979331664304,-0.5063146567422054,0.2616501999042483,-0.883392958236271,0.7309960716945422,0.24940450108744586,-1.4318293623737246,0.0,1.0,0.0,0.0,1.0,0.0
16,-1.6239962281166158,-0.41426497062016815,-1.511256664042362,-0.5657649289935174,0.20399980440433915,0.7522705274766684,-0.5516537473591837,-0.37502002876513624,0.24940450108744586,0.5447869688409561,1.0,0.0,0.0,1.0,0.0,0.0
511,0.025673670609310632,0.7243675825627305,0.7246352650884942,1.3219040417960912,2.0685752649140183,-2.349716059755406,1.4387815179033427,1.8370121721542205,1.6040836256991122,0.3167158537008005,0.0,1.0,0.0,0.0,1.0,0.0
48,1.0979591047811628,-0.6348109156060447,-0.12346167354734845,-0.5657649289935174,-0.09196455440672135,1.4644613255656644,-1.049262563674815,-0.37502002876513624,-1.1052746235242203,-0.6508585741665254,1.0,0.0,0.0,0.0,1.0,0.0
944,0.2731241554181996,-0.09626849180332248,1.1101338735593318,0.378069556401287,0.3519819838098688,-0.37140828728597086,1.2729119124647987,-0.37502002876513624,0.24940450108744586,-0.7113319759082335,0.0,1.0,0.0,1.0,0.0,0.0
817,0.2731241554181996,-0.7886801795496797,-1.511256664042362,1.5915710376231782,-0.5655075285044175,0.3724354351625366,-1.215132169113359,-0.37502002876513624,-1.1052746235242203,0.0057097876005884,1.0,0.0,0.0,0.0,1.0,0.0
515,-0.7991612787536526,-0.6194239892116814,-0.8173591687948544,0.9174035480554609,-1.2166291178887503,0.4832206704208254,-1.215132169113359,-1.4810361292248146,-1.1052746235242203,-0.22927257345290503,1.0,0.0,0.0,0.0,1.0,0.0
667,-1.7064797230529123,0.0063110174924341485,-1.4341569423481944,-1.1050989206476913,-0.8614718873154781,0.3249560486232706,-1.5468713799904465,-1.4810361292248146,-1.1052746235242203,1.0804085271246548,1.0,0.0,0.0,0.0,1.0,0.0
480,-1.4590292382440233,1.5091008286752685,1.72693164711267,0.9174035480554609,-0.8614718873154781,0.45156774606131395,0.7753030961491675,-0.37502002876513624,-1.1052746235242203,0.4324792227492131,0.0,1.0,0.0,0.0,0.0,1.0
929,-0.881644773689949,-0.24500878028216988,-0.4318605603240185,1.5915710376231782,-1.926943579035295,0.6573117543981353,-0.5516537473591837,-0.37502002876513624,-1.1052746235242203,-0.009840515704422176,1.0,0.0,0.0,0.0,1.0,0.0
636,-1.0466117635625416,-1.2502879713805846,0.33913665661765663,0.9174035480554609,-0.3287360414555698,-0.03905258151110555,0.11182467439499223,-0.37502002876513624,0.24940450108744586,-1.547592731422137,0.0,1.0,0.0,0.0,1.0,0.0
225,1.5103765794626445,0.4781767602529148,1.0330341518651642,1.0522370459690042,1.5950322908163224,-2.064839740519807,1.4387815179033427,1.8370121721542205,1.6040836256991122,-0.11350920440449248,0.0,1.0,1.0,0.0,0.0,0.0
26,0.43809114529079224,-0.35271726504271406,0.5704358217001592,0.7825700501419174,-1.5717863484620227,0.34078251080302574,0.11182467439499223,-1.4810361292248146,-1.1052746235242203,-0.7026929185165608,0.0,1.0,0.0,1.0,0.0,0.0
761,0.8505086199722739,-0.09626849180332248,-0.4318605603240185,-1.644432912301865,-0.9798576308399018,1.1795850063300661,-1.3810017745519025,-0.37502002876513624,-1.1052746235242203,0.16985187804236745,1.0,0.0,0.0,0.0,1.0,0.0
437,-0.9641282686262452,-0.7220034985074381,0.49333610000599165,1.4567375397096347,0.38157841969097483,0.3249560486232706,-1.8786105908675341,-1.4810361292248146,-1.1052746235242203,-1.051710837140132,1.0,0.0,1.0,0.0,0.0,0.0
925,1.5103765794626445,-0.839969934197558,2.0353305338893404,1.0522370459690042,-0.3879289132177819,-0.22897012766817118,0.6094334907106235,-0.37502002876513624,0.24940450108744586,-1.7480188629089402,0.0,1.0,0.0,0.0,1.0,0.0
364,0.10815716554560696,-0.48607062712719773,-1.511256664042362,1.4567375397096347,1.9797859572707002,-1.0994255475547225,0.11182467439499223,1.8370121721542205,1.6040836256991122,0.44111828014088517,1.0,0.0,1.0,0.0,0.0,0.0
229,-1.7064797230529123,-0.41939394608495606,-1.048658333877357,-1.644432912301865,1.8022073419840645,-1.368475404610566,0.11182467439499223,0.7309960716945422,1.6040836256991122,0.18885780430404697,1.0,0.0,0.0,0.0,1.0,0.0
37,-0.30426030913587465,1.2731679572950287,-0.12346167354734845,1.3219040417960912,0.2335962402854452,-0.13401135458963864,0.44356388527207946,-0.37502002876513624,0.24940450108744586,1.5469176262749726,0.0,1.0,0.0,0.0,1.0,0.0
939,-0.63419428888106,-0.9630653453524662,-0.663159725406521,1.0522370459690042,-2.045329322559719,0.6889646787576461,-0.38578414192063976,-0.37502002876513624,-1.1052746235242203,-0.7545272628665963,1.0,0.0,0.0,0.0,1.0,0.0
374,-1.1290952584988379,0.11401950225297831,-0.12346167354734845,0.24323605848774352,0.499964163215399,0.0875591159269384,-1.7127409854289901,-0.37502002876513624,0.24940450108744586,0.21131935352239545,1.0,0.0,0.0,0.0,0.0,1.0
469,0.10815716554560696,-0.7373904249018014,-0.27766111693568346,-1.2399324185612348,-0.2399467338122516,1.2745437794085994,-0.38578414192063976,0.7309960716945422,0.24940450108744586,-0.6888704266898851,1.0,0.0,0.0,1.0,0.0,0.0
941,-1.4590292382440233,-0.2603957066765332,-0.8944588904890218,1.5915710376231782,0.1744033685232331,-0.48219352254425907,-0.883392958236271,-0.37502002876513624,0.24940450108744586,0.2873430585691142,0.0,1.0,0.0,0.0,0.0,1.0
827,1.1804425997174592,-0.8348409587327705,-1.357057220654027,-1.1050989206476913,-0.4175253490988873,0.3091295864435149,-1.3810017745519025,0.7309960716945422,0.24940450108744586,-0.16534354875452795,1.0,0.0,0.0,0.0,1.0,0.0
706,-0.386743804072171,2.0681591543371427,0.9559344301709967,0.5129030543148304,-0.2399467338122516,-0.2606230520276826,1.6046511233418868,0.7309960716945422,0.24940450108744586,1.4950832819249378,0.0,1.0,0.0,1.0,0.0,0.0
194,0.8505086199722739,-1.6452190821692476,-0.5860600037123536,1.5915710376231782,-0.6838932720288418,1.4644613255656644,-0.21991453648209575,-0.37502002876513624,0.24940450108744586,-1.6408945512522006,1.0,0.0,0.0,0.0,0.0,1.0
830,-1.1290952584988379,0.4935636866472781,1.72693164711267,1.5915710376231782,2.0093823931518062,-1.7799634212842084,1.4387815179033427,0.7309960716945422,1.6040836256991122,-0.4659827459847332,0.0,1.0,0.0,0.0,0.0,1.0
914,0.6855416300996813,0.40637110374588487,0.33913665661765663,0.7825700501419174,-1.6013827843431288,0.49904713260058053,1.4387815179033427,-0.37502002876513624,-1.1052746235242203,0.23378090274074392,0.0,1.0,0.0,1.0,0.0,0.0
503,0.10815716554560696,-1.02461305092992,-0.8944588904890218,1.0522370459690042,-1.1574362461265382,-0.5929787578025473,1.1070423070262547,-1.4810361292248146,-1.1052746235242203,-0.7061485414732298,0.0,1.0,0.0,1.0,0.0,0.0
943,1.6753435693352372,0.6884647543092156,-0.4318605603240185,1.1870705438825477,2.1573645725573365,-1.5900458751271427,1.4387815179033427,1.8370121721542205,1.6040836256991122,1.1184203796480139,0.0,1.0,1.0,0.0,0.0,0.0
807,-0.5517107939447636,0.2730177416614015,1.4956324820301676,-1.644432912301865,0.38157841969097483,0.2616501999042483,1.1070423070262547,-0.37502002876513624,0.24940450108744586,-0.550645508423124,0.0,1.0,1.0,0.0,0.0,0.0
579,-1.5415127331803196,0.026826919351585037,0.030737769840986567,0.7825700501419174,0.026421189117702856,1.5435936364644418,-0.21991453648209575,-0.37502002876513624,0.24940450108744586,0.012621033513926912,1.0,0.0,0.0,1.0,0.0,0.0
942,0.2731241554181996,0.7294965580275181,0.33913665661765663,-0.9702654227341477,1.5062429831730042,-2.1597985135983397,1.4387815179033427,0.7309960716945422,1.6040836256991122,0.5810710098859809,0.0,1.0,0.0,1.0,0.0,0.0
162,-1.5415127331803196,1.4834559513513295,1.418532760336,-0.5657649289935174,0.29278911204765734,0.673138216577891,0.11182467439499223,-0.37502002876513624,0.24940450108744586,0.6052603705826642,0.0,1.0,1.0,0.0,0.0,0.0
715,1.3454095895900517,0.7346255334923063,0.33913665661765663,-0.16126443525288692,-0.7726825796721599,0.35660897298278144,0.2776942798335355,-0.37502002876513624,0.24940450108744586,0.5862544443209841,0.0,1.0,0.0,0.0,0.0,1.0
152,0.6855416300996813,-0.5219734553807127,-1.4341569423481944,-0.16126443525288692,2.0389788290329123,-1.368475404610566,0.11182467439499223,0.7309960716945422,1.6040836256991122,0.33053834552747696,1.0,0.0,0.0,0.0,0.0,1.0
662,-0.7166777838173563,-0.4706837007328344,1.4956324820301676,1.0522370459690042,-0.3879289132177819,0.024253267207916145,1.6046511233418868,-1.4810361292248146,-1.1052746235242203,-1.2314032308869216,0.0,1.0,0.0,1.0,0.0,0.0
828,0.025673670609310632,-0.7066165721130747,1.5727322037243352,-0.5657649289935174,0.2631926761665513,0.3724354351625366,1.7705207287804308,0.7309960716945422,0.24940450108744586,-1.4750246493320875,0.0,1.0,1.0,0.0,0.0,0.0
734,-0.9641282686262452,1.5655195587879345,0.8017349867826616,-0.5657649289935174,0.44077129145318694,0.22999727554473748,1.4387815179033427,-0.37502002876513624,0.24940450108744586,1.114964756691345,0.0,1.0,0.0,1.0,0.0,0.0
111,0.43809114529079224,-0.5322314063102881,-1.357057220654027,0.5129030543148304,0.44077129145318694,1.2745437794085994,-0.054044931043551764,0.7309960716945422,0.24940450108744586,0.2579702634374272,1.0,0.0,0.0,0.0,1.0,0.0
226,1.4278930845263482,1.8322262829569018,0.030737769840986567,-1.644432912301865,-0.5063146567422054,0.2458237377244932,0.2776942798335355,-0.37502002876513624,0.24940450108744586,2.0445273320353126,0.0,1.0,0.0,0.0,0.0,1.0
669,-1.2940622483714306,0.4781767602529148,0.9559344301709967,1.5915710376231782,1.003103573194202,-2.001533891800785,1.4387815179033427,0.7309960716945422,1.6040836256991122,-0.0703139174461297,0.0,1.0,1.0,0.0,0.0,0.0
103,1.0154756098448665,1.9091609149287192,0.41623637831182414,0.24323605848774352,-2.134118630203037,0.5781794434993579,1.1070423070262547,-0.37502002876513624,-1.1052746235242203,1.7818999873284662,0.0,1.0,0.0,0.0,1.0,0.0
421,-0.7991612787536526,0.44740290746418737,1.9582308121951726,-1.644432912301865,1.1510857525997316,-1.6533517238461646,1.4387815179033427,1.8370121721542205,1.6040836256991122,-0.61803015607817,0.0,1.0,0.0,0.0,1.0,0.0
419,0.6855416300996813,0.7448834844218815,2.0353305338893404,1.0522370459690042,2.1277681366762304,-2.286410211036384,1.4387815179033427,0.7309960716945422,1.6040836256991122,-0.40032590980802135,0.0,1.0,0.0,0.0,1.0,0.0
880,-0.139293319263282,0.24737286433746236,0.7246352650884942,-1.644432912301865,0.6775427785020354,-0.0865319680503721,0.2776942798335355,0.7309960716945422,0.24940450108744586,-0.16707136023286273,0.0,1.0,0.0,0.0,1.0,0.0
586,1.4278930845263482,-1.2195141185918579,1.1101338735593318,-1.5095994143883216,-1.7197685278675525,0.7522705274766684,1.1070423070262547,-0.37502002876513624,-1.1052746235242203,-1.7929419613456374,0.0,1.0,0.0,1.0,0.0,0.0
759,0.43809114529079224,0.5345954903655806,0.49333610000599165,1.0522370459690042,0.7367356502642475,-1.7799634212842084,1.4387815179033427,1.8370121721542205,1.6040836256991122,0.27006494378576884,0.0,1.0,0.0,1.0,0.0,0.0
119,-1.3765457433077268,-0.45529677433847066,-1.4341569423481944,-1.2399324185612348,-0.7134897079099478,0.7047911409374018,-0.38578414192063976,0.7309960716945422,0.24940450108744586,0.4255679768358746,1.0,0.0,1.0,0.0,0.0,0.0
53,-1.4590292382440233,1.2629100063654528,-0.04636195185318095,-0.026430937339343444,-0.0031752467634031958,-0.007399657151594703,0.2776942798335355,-0.37502002876513624,-1.1052746235242203,1.4691661097499191,0.0,1.0,0.0,0.0,1.0,0.0
151,-0.139293319263282,1.6116803379710252,1.2643333169476652,-0.7005984269070609,-2.134118630203037,0.21417081336498178,0.7753030961491675,-1.4810361292248146,-1.1052746235242203,0.8264202398094812,0.0,1.0,1.0,0.0,0.0,0.0
403,-1.7064797230529123,-0.2398798048173816,-0.9715586121831894,1.1870705438825477,-1.956540014916401,1.337849628127621,-0.38578414192063976,-0.37502002876513624,-1.1052746235242203,0.37027800952917017,1.0,0.0,0.0,0.0,1.0,0.0
919,-1.0466117635625416,-0.04497873715544416,-1.7425558291248646,-1.1050989206476913,-0.3287360414555698,1.5119407121049315,-0.054044931043551764,-1.4810361292248146,-1.1052746235242203,1.287745904524796,1.0,0.0,1.0,0.0,0.0,0.0
207,-0.4692272990084673,-0.3475882895779265,-0.12346167354734845,1.5915710376231782,-0.2399467338122516,0.7364440652969128,-0.21991453648209575,0.7309960716945422,0.24940450108744586,-0.3208465818046343,1.0,0.0,0.0,1.0,0.0,0.0
658,0.35560765035449593,-0.9733232962820417,-1.048658333877357,1.3219040417960912,-1.3054184255320684,0.7047911409374018,-0.21991453648209575,-1.4810361292248146,-1.1052746235242203,-0.550645508423124,1.0,0.0,0.0,0.0,1.0,0.0
820,-0.139293319263282,0.1550513059712808,0.7246352650884942,-0.2960979331664304,-0.09196455440672135,0.21417081336498178,0.9411727015877115,0.7309960716945422,0.24940450108744586,-0.2621009915412604,0.0,1.0,0.0,0.0,0.0,1.0
741,1.0154756098448665,0.2678887661966133,-1.1257580555715243,0.7825700501419174,-0.8614718873154781,0.9580145358134897,-1.049262563674815,-1.4810361292248146,-1.1052746235242203,1.1702547239980494,1.0,0.0,1.0,0.0,0.0,0.0
8,-0.881644773689949,2.5451538725624108,1.6498319254185025,-1.3747659164747783,-0.6838932720288418,0.6098323678588687,-0.054044931043551764,0.7309960716945422,0.24940450108744586,1.4086927080082123,0.0,1.0,0.0,0.0,1.0,0.0
784,-0.386743804072171,0.8166891409289113,-0.663159725406521,1.0522370459690042,1.890996649627382,-1.6850046482056755,1.4387815179033427,0.7309960716945422,1.6040836256991122,1.474349544184923,0.0,1.0,0.0,0.0,0.0,1.0
36,1.4278930845263482,-0.6553268174651964,-1.2799574989598594,-0.7005984269070609,-0.0031752467634031958,1.3220231659478654,-0.054044931043551764,0.7309960716945422,0.24940450108744586,0.031626959775606436,1.0,0.0,1.0,0.0,0.0,0.0
452,-0.7991612787536526,-0.20910595202865492,-0.20056139524151598,-0.2960979331664304,-1.4829970408187045,0.6098323678588687,0.44356388527207946,-1.4810361292248146,-1.1052746235242203,-0.11350920440449248,0.0,1.0,0.0,1.0,0.0,0.0
651,-1.3765457433077268,-1.5016077691551886,-1.2799574989598594,0.5129030543148304,0.6183499067398233,1.1321056197908002,-0.054044931043551764,-0.37502002876513624,0.24940450108744586,-1.1398292225351925,1.0,0.0,0.0,0.0,1.0,0.0
253,-0.139293319263282,-0.04497873715544416,-0.663159725406521,1.4567375397096347,-0.44712178497999333,0.7680969896564236,-1.5468713799904465,-0.37502002876513624,0.24940450108744586,0.39446737022585343,1.0,0.0,0.0,1.0,0.0,0.0
303,-1.4590292382440233,-0.5527473081694397,-1.2028577772656919,0.24323605848774352,2.0093823931518062,-1.2418637071725223,0.11182467439499223,0.7309960716945422,1.6040836256991122,0.11801753369233199,1.0,0.0,0.0,1.0,0.0,0.0
917,-0.63419428888106,0.2730177416614015,-0.12346167354734845,-1.3747659164747783,-0.0031752467634031958,0.18251788900547095,-1.3810017745519025,0.7309960716945422,0.24940450108744586,0.39446737022585343,1.0,0.0,1.0,0.0,0.0,0.0
571,0.7680251250359775,2.1963835409568384,1.0330341518651642,-0.8354319248206042,0.29278911204765734,-0.6246316821620582,1.6046511233418868,-0.37502002876513624,-1.1052746235242203,1.5590123066233144,0.0,1.0,1.0,0.0,0.0,0.0
623,0.5205746402270885,-0.34245931411313824,-0.35476083862985097,0.5129030543148304,-1.4829970408187045,1.5752465608239532,-0.054044931043551764,-0.37502002876513624,-1.1052746235242203,-0.1757104176245348,1.0,0.0,0.0,1.0,0.0,0.0
800,-0.63419428888106,0.17556720783043245,1.5727322037243352,0.7825700501419174,-1.956540014916401,-0.7195904552405913,1.2729119124647987,-1.4810361292248146,-1.1052746235242203,-0.6767757463415434,0.0,1.0,1.0,0.0,0.0,0.0
966,-1.2940622483714306,0.7807863126753964,1.418532760336,-0.5657649289935174,1.8022073419840645,-2.096492664879318,1.4387815179033427,1.8370121721542205,1.6040836256991122,-0.04439674527111228,0.0,1.0,0.0,1.0,0.0,0.0
262,-0.139293319263282,-0.8963886643102242,-1.2028577772656919,-0.026430937339343444,0.14480693264212707,1.1162791576110445,-0.38578414192063976,-0.37502002876513624,-1.1052746235242203,-0.3519471884146555,1.0,0.0,0.0,0.0,1.0,0.0
610,-1.7064797230529123,0.5243375394360048,0.8788347084768292,0.5129030543148304,1.38785723964858,-1.8590957321829857,1.4387815179033427,1.8370121721542205,1.6040836256991122,0.021260090905598977,0.0,1.0,0.0,1.0,0.0,0.0
297,0.6855416300996813,-1.1374505111552524,-0.27766111693568346,0.24323605848774352,0.6479463426209293,0.15086496464596008,-1.5468713799904465,-0.37502002876513624,0.24940450108744586,-1.1605629602752068,1.0,0.0,0.0,1.0,0.0,0.0
414,0.025673670609310632,1.8270973074921142,1.1872335952534976,-0.4309314310799739,-1.6013827843431288,0.4832206704208254,1.6046511233418868,-1.4810361292248146,-1.1052746235242203,1.0855919615596579,0.0,1.0,0.0,0.0,1.0,0.0
150,0.5205746402270885,-1.3067067014932507,0.49333610000599165,-0.9702654227341477,0.5887534708587172,-0.33975536292645997,-0.38578414192063976,-0.37502002876513624,0.24940450108744586,-1.6668117234272184,0.0,1.0,0.0,0.0,0.0,1.0
767,1.6753435693352372,0.1909541342247958,0.33913665661765663,-1.2399324185612348,0.5887534708587172,1.2745437794085994,-1.3810017745519025,-0.37502002876513624,-1.1052746235242203,0.0005263531655852837,1.0,0.0,0.0,0.0,1.0,0.0
640,0.5205746402270885,2.375897682224412,1.72693164711267,-0.4309314310799739,-0.5951039643855236,-0.02322611933135041,-0.38578414192063976,-0.37502002876513624,0.24940450108744586,1.2013553306080704,0.0,1.0,0.0,0.0,0.0,1.0
863,0.5205746402270885,0.44740290746418737,0.2620369349234891,-1.1050989206476913,1.2990679320052618,-2.1597985135983397,1.4387815179033427,0.7309960716945422,1.6040836256991122,0.3270827225708074,0.0,1.0,0.0,0.0,0.0,1.0
550,-1.2115787534351343,-0.6501978420004085,-1.7425558291248646,-0.2960979331664304,-0.03277168264450925,-0.007399657151594703,-1.049262563674815,-0.37502002876513624,0.24940450108744586,0.3823726898775118,1.0,0.0,0.0,0.0,0.0,1.0
770,-1.2940622483714306,-1.2656748977749483,-0.9715586121831894,-1.644432912301865,-1.4829970408187045,1.337849628127621,-1.7127409854289901,-0.37502002876513624,-1.1052746235242203,-0.9791427550500829,1.0,0.0,0.0,0.0,1.0,0.0
488,1.2629260946537555,0.30892056991491573,-0.9715586121831894,1.4567375397096347,-0.4767182208610994,1.242890855049088,-0.38578414192063976,0.7309960716945422,0.24940450108744586,1.0925032074729963,1.0,0.0,0.0,0.0,0.0,1.0
147,1.6753435693352372,-1.1169346092961012,1.72693164711267,-0.9702654227341477,-0.5655075285044175,-0.1023584302301278,1.2729119124647987,-0.37502002876513624,-1.1052746235242203,-1.8931550270890392,0.0,1.0,0.0,0.0,1.0,0.0
146,-1.6239962281166158,0.09350360039382742,0.33913665661765663,0.24323605848774352,0.056017624998808906,1.1795850063300661,-0.054044931043551764,-0.37502002876513624,0.24940450108744586,-0.10314233553448564,1.0,0.0,0.0,0.0,1.0,0.0
905,1.2629260946537555,0.3396944227036432,-0.508960282018186,-0.9702654227341477,0.470367727334293,-0.33975536292645997,-0.054044931043551764,-0.37502002876513624,0.24940450108744586,0.7555799691977663,0.0,1.0,0.0,0.0,0.0,1.0
865,-1.4590292382440233,1.4937139022809052,0.8788347084768292,-1.644432912301865,0.115210496761021,-0.11818489240988295,1.1070423070262547,-1.4810361292248146,-1.1052746235242203,0.9853788958162566,0.0,1.0,0.0,0.0,0.0,1.0
659,0.2731241554181996,-0.37323316690186564,-0.5860600037123536,0.6477365522283739,-0.4767182208610994,-0.1023584302301278,0.2776942798335355,-0.37502002876513624,0.24940450108744586,-0.06685829448946075,0.0,1.0,1.0,0.0,0.0,0.0
348,0.19064066048190328,-0.5014575535215614,0.49333610000599165,1.4567375397096347,2.1573645725573365,-0.9569873879369235,0.11182467439499223,1.8370121721542205,1.6040836256991122,-0.8201840990433076,1.0,0.0,0.0,0.0,0.0,1.0
463,0.6030581351633849,1.1603304970696962,0.7246352650884942,0.9174035480554609,0.6183499067398233,-0.29227597638719344,0.9411727015877115,-0.37502002876513624,0.24940450108744586,0.76076340363277,0.0,1.0,1.0,0.0,0.0,0.0
325,1.6753435693352372,-0.5835211609581664,0.030737769840986567,-0.9702654227341477,-0.6838932720288418,1.385329014666887,-0.21991453648209575,-0.37502002876513624,0.24940450108744586,-0.6750479348632086,1.0,0.0,0.0,0.0,0.0,1.0
186,0.10815716554560696,-0.7527773512961651,-0.12346167354734845,-0.16126443525288692,1.8022073419840645,-1.0677726231952116,0.11182467439499223,1.8370121721542205,1.6040836256991122,-0.7873556809549522,1.0,0.0,0.0,0.0,1.0,0.0
123,0.43809114529079224,1.3295866874076945,0.8017349867826616,-0.8354319248206042,0.056017624998808906,0.10338557810669353,1.4387815179033427,0.7309960716945422,0.24940450108744586,0.8765267726811825,0.0,1.0,1.0,0.0,0.0,0.0
829,1.0154756098448665,-1.204127192197494,0.33913665661765663,1.5915710376231782,0.6183499067398233,0.29330312426375915,1.4387815179033427,-1.4810361292248146,-1.1052746235242203,-1.4992140100287707,0.0,1.0,0.0,0.0,1.0,0.0
608,-0.5517107939447636,-0.48607062712719773,-0.7402594471006886,-0.5657649289935174,1.2102786243619437,-1.5900458751271427,0.11182467439499223,1.8370121721542205,1.6040836256991122,-0.10832576996948937,1.0,0.0,0.0,1.0,0.0,0.0
143,-1.2115787534351343,-0.4706837007328344,0.49333610000599165,-0.4309314310799739,0.470367727334293,0.35660897298278144,-0.5516537473591837,0.7309960716945422,0.24940450108744586,-0.7873556809549522,1.0,0.0,1.0,0.0,0.0,0.0
932,-0.63419428888106,0.7602704108162455,-0.27766111693568346,0.378069556401287,1.358260803767474,-1.7483104969246974,1.4387815179033427,0.7309960716945422,1.6040836256991122,1.07868071564632,0.0,1.0,0.0,0.0,0.0,1.0
197,-1.4590292382440233,0.837205042788063,-0.9715586121831894,0.6477365522283739,1.3286643678863679,-2.064839740519807,1.4387815179033427,0.7309960716945422,1.6040836256991122,1.78708342176347,0.0,1.0,0.0,1.0,0.0,0.0
609,0.7680251250359775,0.7705283617458206,0.2620369349234891,0.6477365522283739,1.6246287266974284,-2.128145589238829,1.4387815179033427,1.8370121721542205,1.6040836256991122,0.6795562641510482,0.0,1.0,0.0,0.0,1.0,0.0
279,-0.05680982432698569,0.9962032821964855,0.33913665661765663,1.5915710376231782,-1.3646112972942803,0.2616501999042483,1.2729119124647987,-1.4810361292248146,-1.1052746235242203,0.8678877152895098,0.0,1.0,0.0,0.0,0.0,1.0
293,0.43809114529079224,0.28840466805576487,0.49333610000599165,-1.2399324185612348,0.44077129145318694,0.4832206704208254,-0.717523352797727,-0.37502002876513624,-1.1052746235242203,0.010893222035592131,1.0,0.0,0.0,1.0,0.0,0.0
400,0.8505086199722739,-0.14242927098641325,-0.8173591687948544,-0.026430937339343444,-0.35833247733667584,0.5940059056791136,-1.215132169113359,0.7309960716945422,0.24940450108744586,0.38410050135584656,1.0,0.0,0.0,1.0,0.0,0.0
183,-1.6239962281166158,0.8064311899993355,0.41623637831182414,1.3219040417960912,0.056017624998808906,-0.22897012766817118,1.1070423070262547,-1.4810361292248146,-1.1052746235242203,0.6087159935393331,0.0,1.0,1.0,0.0,0.0,0.0
202,-1.3765457433077268,-0.024462835296293277,0.33913665661765663,-0.8354319248206042,0.6775427785020354,0.8314028383754458,-1.3810017745519025,-0.37502002876513624,-1.1052746235242203,-0.2310003849312392,1.0,0.0,0.0,0.0,0.0,1.0
438,-0.22177681419957834,0.6115301223373981,1.6498319254185025,-1.644432912301865,1.5950322908163224,-2.191451437957851,1.4387815179033427,1.8370121721542205,1.6040836256991122,-0.3225743932829685,0.0,1.0,0.0,1.0,0.0,0.0
246,0.8505086199722739,-1.3118356769580386,-0.04636195185318095,1.3219040417960912,0.4111748555720809,-0.45054059818474823,-0.054044931043551764,0.7309960716945422,0.24940450108744586,-1.4629299689837458,0.0,1.0,0.0,0.0,0.0,1.0
415,0.6030581351633849,-0.7784222286201042,-0.9715586121831894,0.378069556401287,-1.1278398102454321,0.4199148217018031,-1.7127409854289901,-0.37502002876513624,-1.1052746235242203,-0.33812469658797906,1.0,0.0,1.0,0.0,0.0,0.0
755,0.2731241554181996,-1.1169346092961012,-0.663159725406521,-0.026430937339343444,-1.8677507072730828,0.3091295864435149,-0.38578414192063976,-0.37502002876513624,-1.1052746235242203,-0.9480421484400617,0.0,1.0,0.0,0.0,1.0,0.0
758,-1.5415127331803196,0.5602403676895198,0.5704358217001592,1.4567375397096347,-1.3942077331753864,0.7206176031171576,0.44356388527207946,-1.4810361292248146,-1.1052746235242203,0.24760339456742034,0.0,1.0,0.0,0.0,0.0,1.0
937,-1.3765457433077268,1.8117103810977508,0.10783749153515408,0.10840256057420003,0.2335962402854452,-0.48219352254425907,-0.717523352797727,-1.4810361292248146,-1.1052746235242203,1.9494977007269134,0.0,1.0,0.0,0.0,1.0,0.0
129,-0.7166777838173563,0.6782068033796398,1.72693164711267,0.7825700501419174,1.032700009075308,-2.3180631353958945,1.4387815179033427,1.8370121721542205,1.6040836256991122,-0.303568467021289,0.0,1.0,0.0,0.0,0.0,1.0
637,0.9329921149085703,-1.0194840754651322,0.8788347084768292,-1.3747659164747783,0.3519819838098688,0.49904713260058053,0.7753030961491675,0.7309960716945422,0.24940450108744586,-1.5147643133337814,0.0,1.0,0.0,0.0,1.0,0.0
402,1.5103765794626445,-1.060515879183435,-0.7402594471006886,1.4567375397096347,-0.18075386205003952,1.3695025524871325,-1.049262563674815,0.7309960716945422,0.24940450108744586,-0.8357344023483181,1.0,0.0,0.0,0.0,0.0,1.0
859,0.7680251250359775,-1.0143551000003446,-0.508960282018186,1.1870705438825477,-1.5421899125809166,1.2587173172288437,-1.3810017745519025,-0.37502002876513624,-1.1052746235242203,-0.8996634270466952,1.0,0.0,0.0,0.0,0.0,1.0
749,-0.881644773689949,0.3858552018867332,-1.048658333877357,-1.1050989206476913,0.6775427785020354,0.49904713260058053,-1.8786105908675341,-0.37502002876513624,0.24940450108744586,1.2618287323497779,1.0,0.0,0.0,1.0,0.0,0.0
887,1.3454095895900517,-1.02461305092992,-0.35476083862985097,-1.644432912301865,-1.4534006049375985,-0.22897012766817118,0.6094334907106235,-0.37502002876513624,-1.1052746235242203,-0.9895096239200897,0.0,1.0,0.0,0.0,0.0,1.0
219,-0.22177681419957834,1.9553216941118101,0.33913665661765663,1.5915710376231782,-0.21035029793114554,0.22999727554473748,1.2729119124647987,-1.4810361292248146,-1.1052746235242203,1.899391167855213,0.0,1.0,0.0,1.0,0.0,0.0
641,0.6030581351633849,-1.240030020451009,-0.04636195185318095,-0.7005984269070609,0.44077129145318694,0.19834435118522664,-1.049262563674815,-0.37502002876513624,-1.1052746235242203,-1.3817228295020236,1.0,0.0,1.0,0.0,0.0,0.0
889,-0.881644773689949,0.7602704108162455,0.41623637831182414,0.7825700501419174,0.08561406087991495,-0.02322611933135041,1.7705207287804308,0.7309960716945422,0.24940450108744586,0.5603372721459666,0.0,1.0,0.0,1.0,0.0,0.0
731,-1.3765457433077268,0.0011820420276458796,-0.8173591687948544,-0.4309314310799739,0.3519819838098688,0.008426805028161,-0.883392958236271,-0.37502002876513624,-1.1052746235242203,0.5672485180593045,1.0,0.0,0.0,1.0,0.0,0.0
783,0.6855416300996813,-1.3426095297467657,1.5727322037243352,0.378069556401287,0.08561406087991495,0.7206176031171576,-1.049262563674815,-0.37502002876513624,0.24940450108744586,-2.05038587161748,0.0,1.0,1.0,0.0,0.0,0.0
893,0.9329921149085703,-0.08601054087374667,-1.357057220654027,-0.5657649289935174,-1.5717863484620227,0.7680969896564236,0.11182467439499223,-1.4810361292248146,-1.1052746235242203,0.8834380185945204,1.0,0.0,0.0,0.0,1.0,0.0
624,-1.1290952584988379,-1.2759328487045236,-0.12346167354734845,-0.8354319248206042,-1.098243374364326,0.15086496464596008,-0.21991453648209575,-1.4810361292248146,-1.1052746235242203,-1.3903618868936964,1.0,0.0,1.0,0.0,0.0,0.0
874,0.35560765035449593,-1.6195742048453086,0.10783749153515408,-1.5095994143883216,0.7071392143831414,1.242890855049088,-0.717523352797727,-0.37502002876513624,0.24940450108744586,-1.8672378549140214,1.0,0.0,0.0,1.0,0.0,0.0
739,0.19064066048190328,0.11401950225297831,-0.8944588904890218,-1.5095994143883216,-0.5951039643855236,-0.03905258151110555,1.4387815179033427,0.7309960716945422,0.24940450108744586,0.7728580839811116,0.0,1.0,0.0,0.0,1.0,0.0
386,0.6855416300996813,-0.17320312377513994,0.2620369349234891,0.5129030543148304,0.3223855479287634,0.4199148217018031,-0.38578414192063976,-0.37502002876513624,0.24940450108744586,-0.34676375397965176,1.0,0.0,0.0,0.0,1.0,0.0
509,-0.139293319263282,-0.8450989096623459,-1.2028577772656919,-1.2399324185612348,-0.8614718873154781,0.6573117543981353,-0.38578414192063976,-1.4810361292248146,-1.1052746235242203,-0.2811069178029405,1.0,0.0,1.0,0.0,0.0,0.0
267,0.6030581351633849,-0.6758427193243476,-0.20056139524151598,-1.2399324185612348,0.7663320861453535,-1.2576901693522773,0.11182467439499223,0.7309960716945422,1.6040836256991122,-0.6577698200798638,1.0,0.0,0.0,0.0,1.0,0.0
796,-0.63419428888106,-1.1682243639439795,-0.8173591687948544,-1.3747659164747783,-2.0749257584408247,-0.7987227661393687,0.9411727015877115,-1.4810361292248146,-1.1052746235242203,-0.9324918451350511,0.0,1.0,0.0,0.0,1.0,0.0
441,-1.3765457433077268,-1.3528674806763412,0.33913665661765663,1.4567375397096347,-0.6542968361477357,-0.6879375308810805,-0.38578414192063976,-0.37502002876513624,-1.1052746235242203,-1.6581726660355458,0.0,1.0,0.0,1.0,0.0,0.0
496,0.8505086199722739,0.5243375394360048,0.8788347084768292,1.1870705438825477,0.08561406087991495,0.5307000569600914,1.2729119124647987,0.7309960716945422,0.24940450108744586,0.021260090905598977,0.0,1.0,0.0,0.0,1.0,0.0
112,1.0979591047811628,0.6884647543092156,0.7246352650884942,-0.7005984269070609,1.5358394190541103,-1.6058723373068982,1.4387815179033427,0.7309960716945422,1.6040836256991122,0.28043181265577566,0.0,1.0,0.0,0.0,0.0,1.0
691,1.5103765794626445,0.2319859379430983,1.0330341518651642,-0.9702654227341477,-0.35833247733667584,0.05590619156742699,0.2776942798335355,0.7309960716945422,0.24940450108744586,-0.3536749998929896,0.0,1.0,0.0,0.0,0.0,1.0
232,0.2731241554181996,-1.0964187074369496,0.18493721322932158,-1.5095994143883216,0.08561406087991495,0.6256588300386244,-1.215132169113359,-0.37502002876513624,0.24940450108744586,-1.3177938048036473,1.0,0.0,0.0,0.0,1.0,0.0
845,-1.2940622483714306,-0.6142950137468935,-1.048658333877357,-1.3747659164747783,1.5950322908163224,-1.1785578584535,0.11182467439499223,0.7309960716945422,1.6040836256991122,-0.07204172892446448,1.0,0.0,0.0,1.0,0.0,0.0
607,-0.63419428888106,-0.45529677433847066,0.5704358217001592,0.5129030543148304,-1.986136450797507,0.0717326537471827,-0.054044931043551764,-1.4810361292248146,-1.1052746235242203,-0.8080894186949659,1.0,0.0,1.0,0.0,0.0,0.0
671,-0.386743804072171,-1.029742026394708,0.41623637831182414,-1.2399324185612348,0.3519819838098688,-0.4188876738252374,0.11182467439499223,0.7309960716945422,0.24940450108744586,-1.3437109769786646,0.0,1.0,0.0,0.0,1.0,0.0
373,0.9329921149085703,-0.7014875966482867,0.49333610000599165,-0.8354319248206042,1.003103573194202,-1.273516631532033,0.11182467439499223,0.7309960716945422,1.6040836256991122,-1.0292492879217836,1.0,0.0,0.0,1.0,0.0,0.0
954,0.10815716554560696,0.8115601654641238,1.1101338735593318,-1.1050989206476913,2.0685752649140183,-2.2705837488566285,1.4387815179033427,1.8370121721542205,1.6040836256991122,0.16466844360736374,0.0,1.0,0.0,0.0,1.0,0.0
819,-0.7166777838173563,-0.5373603817750761,-1.5883563857365295,1.1870705438825477,1.5358394190541103,-0.877855077038146,0.11182467439499223,0.7309960716945422,1.6040836256991122,0.42729578831420933,1.0,0.0,1.0,0.0,0.0,0.0
233,0.10815716554560696,-0.8707437869862851,-0.8944588904890218,0.24323605848774352,0.8551213937886717,-1.2893430937117887,0.11182467439499223,0.7309960716945422,1.6040836256991122,-0.5057224099864265,1.0,0.0,0.0,0.0,0.0,1.0
764,-1.3765457433077268,-1.6298321557748843,-1.2799574989598594,-0.7005984269070609,0.5591570349776112,0.9105351492742232,-0.883392958236271,0.7309960716945422,0.24940450108744586,-1.3177938048036473,1.0,0.0,0.0,1.0,0.0,0.0
676,-1.5415127331803196,1.9963534978301125,1.6498319254185025,-1.644432912301865,-0.7134897079099478,0.40408835952204797,1.1070423070262547,0.7309960716945422,0.24940450108744586,0.9162664366828758,0.0,1.0,1.0,0.0,0.0,0.0
317,0.9329921149085703,-0.2962985349300482,-1.2028577772656919,1.4567375397096347,-0.03277168264450925,1.037146846712267,-1.7127409854289901,-1.4810361292248146,-1.1052746235242203,0.4687632637942374,1.0,0.0,0.0,1.0,0.0,0.0
648,-1.6239962281166158,2.8631503513792564,1.5727322037243352,1.0522370459690042,0.026421189117702856,-0.5138464469037699,0.6094334907106235,0.7309960716945422,0.24940450108744586,1.7542550036751146,0.0,1.0,0.0,0.0,1.0,0.0
410,-0.7991612787536526,0.4935636866472781,2.0353305338893404,-1.1050989206476913,0.5591570349776112,0.6889646787576461,0.9411727015877115,-1.4810361292248146,-1.1052746235242203,-0.6145745331215011,0.0,1.0,0.0,0.0,1.0,0.0
872,-0.881644773689949,-0.4655547252680465,-0.8173591687948544,-0.9702654227341477,-1.7197685278675525,1.0529733088920223,-1.215132169113359,-1.4810361292248146,-1.1052746235242203,-0.03057425344443587,1.0,0.0,0.0,0.0,1.0,0.0
709,1.2629260946537555,-1.4503180145073102,-0.5860600037123536,-0.16126443525288692,0.08561406087991495,0.2458237377244932,-1.5468713799904465,0.7309960716945422,0.24940450108744586,-1.399000944285369,1.0,0.0,0.0,0.0,0.0,1.0
358,0.10815716554560696,-1.0451289527890713,0.7246352650884942,1.1870705438825477,-1.06864693848322,-0.5771522956227921,0.6094334907106235,-0.37502002876513624,-1.1052746235242203,-1.4819358952454256,0.0,1.0,0.0,0.0,1.0,0.0
258,-1.1290952584988379,-1.1374505111552524,1.9582308121951726,0.7825700501419174,-0.3287360414555698,0.10338557810669353,-0.883392958236271,-0.37502002876513624,0.24940450108744586,-1.9795456010057648,0.0,1.0,0.0,0.0,0.0,1.0
744,-0.7166777838173563,0.2986626189853407,0.33913665661765663,-0.026430937339343444,0.44077129145318694,0.45156774606131395,-0.054044931043551764,0.7309960716945422,0.24940450108744586,0.11801753369233199,1.0,0.0,1.0,0.0,0.0,0.0
627,0.35560765035449593,-0.8656148115214972,0.030737769840986567,-0.026430937339343444,1.2102786243619437,-1.3368224802510547,0.11182467439499223,1.8370121721542205,1.6040836256991122,-0.9929652468767587,1.0,0.0,1.0,0.0,0.0,0.0
632,1.5928600743989407,-1.3323515788171898,-0.4318605603240185,1.0522370459690042,0.056017624998808906,0.04007972938767185,-1.3810017745519025,0.7309960716945422,0.24940450108744586,-1.3229772392386503,1.0,0.0,0.0,0.0,0.0,1.0
282,-1.2115787534351343,-1.542639572873491,0.18493721322932158,-0.9702654227341477,-1.2758219896509624,1.068799771071778,-0.5516537473591837,-0.37502002876513624,-1.1052746235242203,-1.8102200761289826,1.0,0.0,0.0,0.0,1.0,0.0
376,1.4278930845263482,2.740054940224348,0.5704358217001592,1.4567375397096347,-0.0031752467634031958,-0.6562846065215696,0.11182467439499223,0.7309960716945422,0.24940450108744586,2.512764242663964,0.0,1.0,0.0,0.0,1.0,0.0
384,-0.7166777838173563,0.9910743067316979,2.0353305338893404,-0.2960979331664304,0.3223855479287634,-0.3239289007467043,1.7705207287804308,-0.37502002876513624,0.24940450108744586,-0.191260720929546,0.0,1.0,0.0,1.0,0.0,0.0
224,0.9329921149085703,1.2629100063654528,-0.04636195185318095,-0.026430937339343444,0.5887534708587172,0.10338557810669353,0.11182467439499223,-0.37502002876513624,0.24940450108744586,1.4691661097499191,0.0,1.0,0.0,0.0,1.0,0.0
927,0.6030581351633849,0.026826919351585037,1.1101338735593318,0.24323605848774352,0.14480693264212707,-0.387234749465726,1.2729119124647987,0.7309960716945422,0.24940450108744586,-0.592112983903152,0.0,1.0,0.0,1.0,0.0,0.0
861,-1.6239962281166158,-1.2964487505636753,-0.7402594471006886,0.10840256057420003,0.2631926761665513,1.4802877877454201,-1.7127409854289901,0.7309960716945422,0.24940450108744586,-1.1363735995785234,1.0,0.0,0.0,1.0,0.0,0.0
472,-1.1290952584988379,-0.6501978420004085,-1.665456107430697,-1.1050989206476913,1.062296444956414,-0.8303756904988795,0.11182467439499223,1.8370121721542205,1.6040836256991122,0.32189928813580426,1.0,0.0,1.0,0.0,0.0,0.0
347,0.2731241554181996,-1.173353339408767,-1.7425558291248646,0.10840256057420003,-0.3287360414555698,0.4199148217018031,-1.8786105908675341,-0.37502002876513624,0.24940450108744586,-0.40032590980802135,1.0,0.0,0.0,1.0,0.0,0.0
505,1.0979591047811628,-0.3373303386483507,0.10783749153515408,1.0522370459690042,0.6479463426209293,0.18251788900547095,0.2776942798335355,0.7309960716945422,0.24940450108744586,-0.44179338528804996,0.0,1.0,0.0,0.0,1.0,0.0
639,-0.7166777838173563,1.4834559513513295,-0.35476083862985097,-0.16126443525288692,0.5887534708587172,0.49904713260058053,0.44356388527207946,0.7309960716945422,0.24940450108744586,2.004787668033618,0.0,1.0,0.0,0.0,1.0,0.0
960,-1.6239962281166158,-0.1475582464512008,-0.9715586121831894,1.5915710376231782,-0.2695431696933577,1.1637585441503104,-1.7127409854289901,-0.37502002876513624,-1.1052746235242203,0.49122481301258647,1.0,0.0,1.0,0.0,0.0,0.0
902,-1.6239962281166158,-0.6655847683947719,-1.2028577772656919,-1.644432912301865,1.1510857525997316,-1.131078471914234,0.11182467439499223,1.8370121721542205,1.6040836256991122,-0.0357576878794396,1.0,0.0,1.0,0.0,0.0,0.0
879,-0.22177681419957834,-0.7373904249018014,0.33913665661765663,0.10840256057420003,1.1510857525997316,-0.8936815392179017,0.11182467439499223,0.7309960716945422,1.6040836256991122,-0.9964208698334276,1.0,0.0,0.0,0.0,1.0,0.0
619,-1.1290952584988379,0.28840466805576487,-1.357057220654027,-1.3747659164747783,-2.1045221943219308,1.2587173172288437,-1.5468713799904465,-1.4810361292248146,-1.1052746235242203,1.4086927080082123,1.0,0.0,0.0,0.0,0.0,1.0
921,-0.7991612787536526,0.18069618329521997,0.5704358217001592,-0.7005984269070609,0.14480693264212707,0.10338557810669353,-1.215132169113359,0.7309960716945422,0.24940450108744586,-0.14806543397118319,1.0,0.0,0.0,0.0,0.0,1.0
645,-0.30426030913587465,0.349952373633219,-0.663159725406521,1.0522370459690042,0.056017624998808906,0.04007972938767185,-0.054044931043551764,0.7309960716945422,0.24940450108744586,0.8903492645078583,1.0,0.0,1.0,0.0,0.0,0.0
823,-0.9641282686262452,0.23711491340788657,-0.20056139524151598,-0.8354319248206042,-0.8910683231965841,0.6414852922183801,-0.883392958236271,-0.37502002876513624,-1.1052746235242203,0.40656205057419503,0.0,1.0,0.0,1.0,0.0,0.0
556,-1.6239962281166158,-0.7784222286201042,1.1101338735593318,1.0522370459690042,-1.926943579035295,-0.27644951420743774,1.7705207287804308,-0.37502002876513624,-1.1052746235242203,-1.3679003376753478,0.0,1.0,1.0,0.0,0.0,0.0
931,1.2629260946537555,-0.07062361447938333,-1.2028577772656919,0.378069556401287,-0.35833247733667584,1.068799771071778,-0.883392958236271,-0.37502002876513624,-1.1052746235242203,0.7763137069377806,1.0,0.0,1.0,0.0,0.0,0.0
577,-0.22177681419957834,-1.1989982167327062,-0.35476083862985097,-0.8354319248206042,-0.09196455440672135,1.3695025524871325,-1.7127409854289901,-0.37502002876513624,-1.1052746235242203,-1.1985748127985658,1.0,0.0,0.0,0.0,0.0,1.0
85,-1.7064797230529123,-0.8861307133806487,-0.35476083862985097,1.1870705438825477,0.026421189117702856,1.1004526954312888,-0.717523352797727,0.7309960716945422,0.24940450108744586,-0.8236397219999765,1.0,0.0,0.0,0.0,1.0,0.0
242,-1.7064797230529123,-0.573263210028591,0.49333610000599165,0.9174035480554609,-0.44712178497999333,0.9580145358134897,-0.883392958236271,-1.4810361292248146,-1.1052746235242203,-0.8944799926116915,1.0,0.0,1.0,0.0,0.0,0.0
698,0.35560765035449593,0.2422438888726741,1.4956324820301676,-1.644432912301865,-0.0623681185256153,-0.6246316821620582,-0.21991453648209575,-0.37502002876513624,-1.1052746235242203,-0.580018303554811,0.0,1.0,0.0,0.0,0.0,1.0
159,0.43809114529079224,-0.13217132005683743,0.18493721322932158,0.9174035480554609,-0.7134897079099478,0.40408835952204797,-0.883392958236271,-0.37502002876513624,-1.1052746235242203,-0.2586453685845914,1.0,0.0,0.0,1.0,0.0,0.0
540,1.0979591047811628,-0.31681443678919907,-1.5883563857365295,-1.2399324185612348,0.026421189117702856,0.3091295864435149,-0.5516537473591837,0.7309960716945422,0.24940450108744586,0.7486687232844284,1.0,0.0,1.0,0.0,0.0,0.0
170,1.6753435693352372,0.8884947974359413,-0.04636195185318095,0.6477365522283739,-0.5359110926233115,-0.0865319680503721,0.9411727015877115,-0.37502002876513624,-1.1052746235242203,1.0423966746012951,0.0,1.0,0.0,0.0,0.0,1.0
654,-0.30426030913587465,-0.6604557929299839,-0.508960282018186,-0.4309314310799739,0.115210496761021,-0.5929787578025473,0.9411727015877115,-0.37502002876513624,-1.1052746235242203,-0.4677105574630674,0.0,1.0,0.0,0.0,1.0,0.0
864,-0.881644773689949,-0.8245830078031947,-1.7425558291248646,-0.8354319248206042,2.0093823931518062,-1.3209960180712996,0.11182467439499223,1.8370121721542205,1.6040836256991122,0.12147315664900095,1.0,0.0,0.0,0.0,1.0,0.0
824,-1.5415127331803196,-1.4298021126481586,-0.8944588904890218,0.9174035480554609,-0.5359110926233115,1.1637585441503104,-0.21991453648209575,-1.4810361292248146,-1.1052746235242203,-1.2331310423652557,1.0,0.0,0.0,1.0,0.0,0.0
918,-0.881644773689949,0.042213845745949115,-0.4318605603240185,1.5915710376231782,-0.3879289132177819,1.5277671742846872,-0.717523352797727,-0.37502002876513624,0.24940450108744586,0.3374495914408149,1.0,0.0,1.0,0.0,0.0,0.0
733,-1.4590292382440233,1.9809665714357492,-0.27766111693568346,-0.4309314310799739,-0.5951039643855236,0.3091295864435149,0.11182467439499223,-0.37502002876513624,-1.1052746235242203,2.5179476770989675,0.0,1.0,0.0,0.0,0.0,1.0
95,1.6753435693352372,-0.8963886643102242,-1.2028577772656919,0.24323605848774352,-2.015732886678613,0.6573117543981353,-0.5516537473591837,-0.37502002876513624,-1.1052746235242203,-0.3519471884146555,1.0,0.0,1.0,0.0,0.0,0.0
563,-1.7064797230529123,-0.3475882895779265,-1.357057220654027,-0.4309314310799739,0.470367727334293,0.5465265191398471,-0.717523352797727,-0.37502002876513624,0.24940450108744586,0.5171419851876039,1.0,0.0,0.0,0.0,0.0,1.0
240,0.35560765035449593,1.5655195587879345,-0.04636195185318095,-0.5657649289935174,-1.3054184255320684,0.3882618973422923,-1.049262563674815,-1.4810361292248146,-1.1052746235242203,1.8130005939384872,0.0,1.0,0.0,0.0,1.0,0.0
742,-1.2940622483714306,-0.388620093296229,-0.20056139524151598,1.3219040417960912,-2.222907937846355,0.847229300555201,-1.5468713799904465,-1.4810361292248146,-1.1052746235242203,-0.3225743932829685,1.0,0.0,1.0,0.0,0.0,0.0
574,0.43809114529079224,2.704152111970833,0.9559344301709967,0.9174035480554609,0.2631926761665513,-0.1023584302301278,1.4387815179033427,0.7309960716945422,0.24940450108744586,2.1205510370820306,0.0,1.0,0.0,0.0,1.0,0.0
690,-1.7064797230529123,-0.388620093296229,0.7246352650884942,-1.3747659164747783,-0.18075386205003952,-0.2606230520276826,-0.38578414192063976,-0.37502002876513624,0.24940450108744586,-0.8150006646083044,0.0,1.0,0.0,1.0,0.0,0.0
460,0.9329921149085703,-0.12191336912726164,-0.04636195185318095,0.5129030543148304,-0.0623681185256153,0.35660897298278144,-1.049262563674815,0.7309960716945422,0.24940450108744586,-0.10832576996948937,1.0,0.0,0.0,0.0,1.0,0.0
553,1.6753435693352372,-0.07062361447938333,-0.35476083862985097,0.5129030543148304,-0.2695431696933577,1.5594200986441975,-1.215132169113359,-0.37502002876513624,0.24940450108744586,0.14911814030235315,1.0,0.0,1.0,0.0,0.0,0.0
853,-1.5415127331803196,-0.03984976169065663,-1.1257580555715243,-1.1050989206476913,-0.5655075285044175,0.05590619156742699,-1.8786105908675341,-0.37502002876513624,0.24940450108744586,0.7555799691977663,1.0,0.0,0.0,1.0,0.0,0.0
206,-0.881644773689949,0.765399386281033,0.2620369349234891,-0.2960979331664304,-0.18075386205003952,0.5307000569600914,1.4387815179033427,-0.37502002876513624,0.24940450108744586,0.6743728297160444,0.0,1.0,0.0,0.0,0.0,1.0
392,1.2629260946537555,-0.26552468214132074,0.10783749153515408,-0.026430937339343444,-0.0623681185256153,0.7047911409374018,-0.883392958236271,-1.4810361292248146,-1.1052746235242203,-0.36058624580632753,1.0,0.0,0.0,1.0,0.0,0.0
794,0.5205746402270885,-1.1118056338313134,0.49333610000599165,-0.4309314310799739,-1.5421899125809166,0.4199148217018031,-0.21991453648209575,-1.4810361292248146,-1.1052746235242203,-1.4612021575054113,1.0,0.0,1.0,0.0,0.0,0.0
397,-1.7064797230529123,-0.5168444799159247,-1.048658333877357,-1.644432912301865,-0.09196455440672135,1.2903702415883551,-0.717523352797727,0.7309960716945422,0.24940450108744586,0.05754413195062386,1.0,0.0,0.0,0.0,1.0,0.0
766,0.5205746402270885,0.36533930002758236,1.72693164711267,0.9174035480554609,0.6183499067398233,-0.3555818251062151,0.2776942798335355,-0.37502002876513624,0.24940450108744586,-0.580018303554811,0.0,1.0,0.0,0.0,0.0,1.0
825,1.5928600743989407,-0.7989381304792555,-0.20056139524151598,-0.7005984269070609,-1.5421899125809166,0.3091295864435149,0.11182467439499223,-1.4810361292248146,-1.1052746235242203,-0.8011781727816281,1.0,0.0,0.0,0.0,0.0,1.0
217,0.35560765035449593,-1.21438514312707,-0.8944588904890218,0.9174035480554609,0.056017624998808906,1.4328084012061542,-0.38578414192063976,-1.4810361292248146,-1.1052746235242203,-0.9532255828750649,1.0,0.0,1.0,0.0,0.0,0.0
4,-0.05680982432698569,-1.3323515788171898,0.49333610000599165,0.7825700501419174,-1.8381542713919767,0.6573117543981353,0.2776942798335355,-0.37502002876513624,-1.1052746235242203,-1.692728895602236,0.0,1.0,0.0,0.0,1.0,0.0
768,0.025673670609310632,-0.01933385983150501,1.1872335952534976,-1.5095994143883216,-2.1045221943219308,-0.21314366548841604,-0.717523352797727,-1.4810361292248146,-1.1052746235242203,-0.6733201233848745,0.0,1.0,1.0,0.0,0.0,0.0
642,-0.7166777838173563,-1.0553869037186472,0.10783749153515408,0.24323605848774352,-0.5359110926233115,1.4011554768466428,-1.049262563674815,-0.37502002876513624,0.24940450108744586,-1.2400422882785938,1.0,0.0,0.0,0.0,1.0,0.0
891,-0.7166777838173563,0.919268650224668,-0.508960282018186,1.1870705438825477,0.1744033685232331,0.2458237377244932,-0.883392958236271,0.7309960716945422,0.24940450108744586,1.4639826753149154,0.0,1.0,1.0,0.0,0.0,0.0
612,-0.4692272990084673,-0.9425494434933146,-0.508960282018186,1.3219040417960912,-0.03277168264450925,0.7047911409374018,-0.21991453648209575,-0.37502002876513624,-1.1052746235242203,-0.8115450416516354,1.0,0.0,0.0,1.0,0.0,0.0
738,-0.139293319263282,0.8064311899993355,-0.27766111693568346,0.9174035480554609,1.6246287266974284,-2.33388959757565,1.4387815179033427,1.8370121721542205,1.6040836256991122,1.1322428714746897,0.0,1.0,0.0,1.0,0.0,0.0
546,-1.0466117635625416,0.2217279870135232,0.49333610000599165,1.4567375397096347,-0.2695431696933577,-0.5929787578025473,0.11182467439499223,-0.37502002876513624,0.24940450108744586,-0.059947048576122854,0.0,1.0,0.0,0.0,1.0,0.0
725,0.9329921149085703,0.07811667399946334,-1.357057220654027,1.5915710376231782,-1.098243374364326,1.4011554768466428,-0.883392958236271,-0.37502002876513624,-1.1052746235242203,1.1132369452130102,1.0,0.0,0.0,1.0,0.0,0.0
683,-0.386743804072171,0.18582515876000824,1.6498319254185025,1.3219040417960912,-0.2399467338122516,0.673138216577891,-0.38578414192063976,0.7309960716945422,0.24940450108744586,-0.7044207299948956,0.0,1.0,0.0,0.0,1.0,0.0
98,0.5205746402270885,-0.6501978420004085,-1.665456107430697,0.378069556401287,-0.3287360414555698,1.2745437794085994,-1.215132169113359,0.7309960716945422,0.24940450108744586,0.32189928813580426,1.0,0.0,0.0,0.0,1.0,0.0
804,-0.30426030913587465,-0.4758126761976223,-0.7402594471006886,0.10840256057420003,0.44077129145318694,-0.49801998472401476,1.7705207287804308,0.7309960716945422,0.24940450108744586,-0.09450327814281295,0.0,1.0,1.0,0.0,0.0,0.0
727,-0.5517107939447636,-0.35271726504271406,-0.8173591687948544,0.10840256057420003,-2.015732886678613,0.04007972938767185,1.2729119124647987,-1.4810361292248146,-1.1052746235242203,0.11283409925732826,0.0,1.0,1.0,0.0,0.0,0.0
573,1.4278930845263482,-0.22449287842301827,-1.1257580555715243,-1.3747659164747783,0.5591570349776112,1.2112379306895777,-1.215132169113359,-1.4810361292248146,-1.1052746235242203,0.506775116317597,1.0,0.0,0.0,0.0,1.0,0.0
406,-1.3765457433077268,1.5398746814639952,0.9559344301709967,0.6477365522283739,0.6479463426209293,0.4832206704208254,-0.38578414192063976,0.7309960716945422,0.24940450108744586,0.9750120269462491,0.0,1.0,1.0,0.0,0.0,0.0
502,-0.7166777838173563,-0.5886501364229544,-1.357057220654027,-1.3747659164747783,0.115210496761021,1.242890855049088,-1.7127409854289901,-0.37502002876513624,0.24940450108744586,0.17849093543403952,1.0,0.0,0.0,0.0,1.0,0.0
47,-1.1290952584988379,0.8218181163936988,1.72693164711267,0.7825700501419174,0.44077129145318694,-0.37140828728597086,0.6094334907106235,-1.4810361292248146,-1.1052746235242203,-0.1757104176245348,0.0,1.0,1.0,0.0,0.0,0.0
32,1.2629260946537555,-1.1220635847608889,-0.8944588904890218,0.6477365522283739,0.6479463426209293,0.49904713260058053,0.11182467439499223,-1.4810361292248146,-1.1052746235242203,-0.8322787793916492,1.0,0.0,0.0,1.0,0.0,0.0
779,0.43809114529079224,0.7448834844218815,1.8811310905010052,-1.644432912301865,1.1806821884808376,-2.1123191270590738,1.4387815179033427,1.8370121721542205,1.6040836256991122,-0.3243022047613033,0.0,1.0,0.0,0.0,0.0,1.0
200,1.3454095895900517,0.18069618329521997,-0.12346167354734845,-0.7005984269070609,-0.6838932720288418,0.4832206704208254,-1.049262563674815,0.7309960716945422,0.24940450108744586,0.2873430585691142,0.0,1.0,0.0,0.0,1.0,0.0
134,0.6855416300996813,-0.6963586211834989,0.49333610000599165,1.1870705438825477,0.470367727334293,0.8314028383754458,-0.38578414192063976,0.7309960716945422,0.24940450108744586,-1.02406585348678,1.0,0.0,0.0,0.0,0.0,1.0
27,1.6753435693352372,-0.9322914925637392,0.18493721322932158,0.9174035480554609,0.6479463426209293,-0.5454993712632807,0.2776942798335355,0.7309960716945422,0.24940450108744586,-1.1381014110568577,0.0,1.0,0.0,0.0,1.0,0.0
855,1.5103765794626445,1.2423941045063012,1.0330341518651642,1.5915710376231782,-0.4767182208610994,0.40408835952204797,-0.717523352797727,-0.37502002876513624,0.24940450108744586,0.6311775427576817,0.0,1.0,0.0,0.0,1.0,0.0
230,-0.881644773689949,0.21659901154873495,-0.8173591687948544,1.0522370459690042,-0.29913960557446373,-0.782896303959613,-0.5516537473591837,-0.37502002876513624,0.24940450108744586,0.8436983545928266,0.0,1.0,0.0,0.0,1.0,0.0
489,-1.0466117635625416,-0.9169045661693755,-0.5860600037123536,-0.5657649289935174,-0.5655075285044175,1.5594200986441975,-1.215132169113359,0.7309960716945422,0.24940450108744586,-0.7389769595615857,1.0,0.0,1.0,0.0,0.0,0.0
772,-1.3765457433077268,-1.399028259859432,-0.04636195185318095,-1.1050989206476913,0.6479463426209293,0.5623529813196028,-1.3810017745519025,0.7309960716945422,0.24940450108744586,-1.5631430347271476,1.0,0.0,1.0,0.0,0.0,0.0
378,-1.2940622483714306,-0.034720786225868355,-0.04636195185318095,1.5915710376231782,-0.03277168264450925,0.0875591159269384,-1.8786105908675341,-1.4810361292248146,-1.1052746235242203,-0.009840515704422176,1.0,0.0,0.0,0.0,1.0,0.0
288,0.025673670609310632,1.0936538160274545,-0.20056139524151598,-1.644432912301865,-0.4767182208610994,-0.6246316821620582,-0.21991453648209575,0.7309960716945422,0.24940450108744586,1.4052370850515428,0.0,1.0,0.0,0.0,1.0,0.0
418,-1.3765457433077268,-1.0964187074369496,-1.048658333877357,0.5129030543148304,0.026421189117702856,0.6889646787576461,-1.3810017745519025,-0.37502002876513624,0.24940450108744586,-0.7147875988649025,1.0,0.0,0.0,0.0,1.0,0.0
674,-1.3765457433077268,-0.7066165721130747,-0.04636195185318095,0.10840256057420003,-0.7726825796721599,1.195411468509822,-1.7127409854289901,-0.37502002876513624,0.24940450108744586,-0.7735331891282758,1.0,0.0,0.0,0.0,0.0,1.0
391,0.35560765035449593,0.5551113922247323,1.72693164711267,1.0522370459690042,1.890996649627382,-1.9224015809020076,1.4387815179033427,1.8370121721542205,1.6040836256991122,-0.412420590156363,0.0,1.0,1.0,0.0,0.0,0.0
592,0.9329921149085703,-1.5067367446199762,-1.511256664042362,0.378069556401287,0.44077129145318694,0.5307000569600914,-0.38578414192063976,0.7309960716945422,0.24940450108744586,-1.0275214764434495,1.0,0.0,0.0,0.0,1.0,0.0
498,0.10815716554560696,-0.6091660382821056,1.1872335952534976,-0.16126443525288692,-0.1215609902878274,0.024253267207916145,0.6094334907106235,-0.37502002876513624,0.24940450108744586,-1.2365866653219248,0.0,1.0,1.0,0.0,0.0,0.0
138,-0.5517107939447636,-0.08088156540895913,-0.8173591687948544,-0.5657649289935174,-0.0623681185256153,0.5307000569600914,-1.3810017745519025,-1.4810361292248146,-1.1052746235242203,0.46185201788089947,1.0,0.0,0.0,0.0,1.0,0.0
62,-0.9641282686262452,0.7910442636049722,-0.7402594471006886,1.5915710376231782,1.447050111410792,-1.9224015809020076,1.4387815179033427,1.8370121721542205,1.6040836256991122,1.5106335852299477,0.0,1.0,0.0,0.0,1.0,0.0
471,0.35560765035449593,0.04734282121073665,-1.048658333877357,0.6477365522283739,0.14480693264212707,0.6098323678588687,-0.717523352797727,-0.37502002876513624,-1.1052746235242203,0.8108699365044707,1.0,0.0,0.0,0.0,0.0,1.0
647,0.2731241554181996,0.07298769853467581,-0.7402594471006886,0.7825700501419174,-2.193311501965249,0.1666914268257158,0.9411727015877115,-0.37502002876513624,-1.1052746235242203,0.6000769361476604,0.0,1.0,0.0,0.0,1.0,0.0
128,1.6753435693352372,2.5759277253511375,1.2643333169476652,-1.5095994143883216,-1.7789613996297646,-0.782896303959613,0.7753030961491675,-0.37502002876513624,-1.1052746235242203,1.7369768888917692,0.0,1.0,0.0,0.0,0.0,1.0
949,1.5103765794626445,1.2321361535767255,0.10783749153515408,-1.1050989206476913,-0.15115742616893346,-0.5454993712632807,0.2776942798335355,-0.37502002876513624,0.24940450108744586,1.3050240193081408,0.0,1.0,1.0,0.0,0.0,0.0
520,-1.2115787534351343,-0.22449287842301827,-1.2799574989598594,0.5129030543148304,0.470367727334293,0.3091295864435149,-0.883392958236271,-0.37502002876513624,0.24940450108744586,0.6277219198010127,1.0,0.0,0.0,1.0,0.0,0.0
838,1.0154756098448665,1.5655195587879345,0.33913665661765663,-0.4309314310799739,-0.15115742616893346,-0.6404581443418139,1.2729119124647987,-1.4810361292248146,-1.1052746235242203,1.4795329786199267,0.0,1.0,0.0,1.0,0.0,0.0
64,-0.63419428888106,-0.39374906876101656,-0.20056139524151598,1.0522370459690042,2.0981717007951244,-1.2260372449927666,0.11182467439499223,1.8370121721542205,1.6040836256991122,-0.3294856391963064,1.0,0.0,0.0,0.0,1.0,0.0
812,1.4278930845263482,0.9295266011542438,-0.8944588904890218,-1.5095994143883216,0.3519819838098688,-0.387234749465726,-0.5516537473591837,-0.37502002876513624,0.24940450108744586,1.833734331678501,0.0,1.0,0.0,0.0,0.0,1.0
14,-1.5415127331803196,2.3399948539708975,0.6475355433943266,-1.1050989206476913,0.2631926761665513,0.21417081336498178,1.1070423070262547,-0.37502002876513624,0.24940450108744586,2.028977028730301,0.0,1.0,0.0,0.0,0.0,1.0
156,1.4278930845263482,-1.6247031803100964,0.5704358217001592,1.3219040417960912,-0.09196455440672135,0.7839234518361793,-0.883392958236271,0.7309960716945422,0.24940450108744586,-2.024468699442462,1.0,0.0,1.0,0.0,0.0,0.0
40,-0.63419428888106,-1.1938692412679186,-1.665456107430697,-0.2960979331664304,0.6479463426209293,0.49904713260058053,-1.049262563674815,-1.4810361292248146,-1.1052746235242203,-0.48153304928974383,1.0,0.0,1.0,0.0,0.0,0.0
492,1.0979591047811628,0.6884647543092156,0.5704358217001592,0.5129030543148304,1.2990679320052618,-2.3655425219351613,1.4387815179033427,1.8370121721542205,1.6040836256991122,0.38064487839917766,0.0,1.0,0.0,0.0,1.0,0.0
379,0.8505086199722739,0.28840466805576487,-0.8944588904890218,-1.644432912301865,-0.6838932720288418,0.2616501999042483,1.2729119124647987,-0.37502002876513624,0.24940450108744586,1.0009291991212672,0.0,1.0,0.0,0.0,1.0,0.0
187,1.2629260946537555,2.1963835409568384,1.4956324820301676,1.1870705438825477,-0.18075386205003952,-0.6879375308810805,-0.054044931043551764,0.7309960716945422,0.24940450108744586,1.2065387650430741,0.0,1.0,0.0,1.0,0.0,0.0
763,-0.05680982432698569,-0.09113951633853494,-1.5883563857365295,0.5129030543148304,-0.21035029793114554,0.0875591159269384,-1.049262563674815,0.7309960716945422,0.24940450108744586,1.07868071564632,1.0,0.0,0.0,0.0,0.0,1.0
216,-0.22177681419957834,-0.757906326760953,-0.663159725406521,1.0522370459690042,-0.3879289132177819,0.04007972938767185,-1.3810017745519025,0.7309960716945422,0.24940450108744586,-0.49881116407308856,1.0,0.0,0.0,0.0,1.0,0.0
791,0.025673670609310632,-0.6348109156060447,0.8017349867826616,-0.4309314310799739,0.2631926761665513,0.6414852922183801,-0.5516537473591837,0.7309960716945422,0.24940450108744586,-1.0983617470551643,0.0,1.0,0.0,0.0,1.0,0.0
52,1.5103765794626445,2.5656697744215617,1.2643333169476652,-0.5657649289935174,-0.3879289132177819,0.3724354351625366,1.6046511233418868,-0.37502002876513624,-1.1052746235242203,1.7266100200217618,0.0,1.0,1.0,0.0,0.0,0.0
337,0.35560765035449593,0.057600772140312465,1.1872335952534976,0.10840256057420003,-0.2695431696933577,0.6889646787576461,1.1070423070262547,-0.37502002876513624,-1.1052746235242203,-0.6007520412948247,0.0,1.0,1.0,0.0,0.0,0.0
748,0.7680251250359775,-0.1988480010990791,-0.27766111693568346,1.4567375397096347,-1.5125934766998106,0.5307000569600914,-0.21991453648209575,-0.37502002876513624,-1.1052746235242203,-0.05303580266278496,1.0,0.0,0.0,1.0,0.0,0.0
719,-0.30426030913587465,-0.8604858360567096,-1.2799574989598594,-0.8354319248206042,1.3286643678863679,-0.8303756904988795,0.11182467439499223,1.8370121721542205,1.6040836256991122,-0.2534619341495883,1.0,0.0,0.0,0.0,1.0,0.0
724,1.3454095895900517,1.0115902085908488,0.41623637831182414,0.378069556401287,0.5295605990965051,-0.2447965898479269,1.2729119124647987,-0.37502002876513624,-1.1052746235242203,0.8264202398094812,0.0,1.0,1.0,0.0,0.0,0.0
295,1.0154756098448665,-0.09113951633853494,-1.357057220654027,-1.1050989206476913,0.4111748555720809,0.1666914268257158,-1.7127409854289901,-0.37502002876513624,-1.1052746235242203,0.8765267726811825,1.0,0.0,0.0,0.0,0.0,1.0
701,-0.7991612787536526,-0.014204884366717468,-1.357057220654027,0.7825700501419174,-0.18075386205003952,0.19834435118522664,-0.38578414192063976,0.7309960716945422,0.24940450108744586,0.9853788958162566,1.0,0.0,1.0,0.0,0.0,0.0
726,0.19064066048190328,-1.2810618241693117,0.41623637831182414,0.378069556401287,-0.0031752467634031958,-0.05487904369086125,-0.38578414192063976,-0.37502002876513624,-1.1052746235242203,-1.6097939446421796,0.0,1.0,0.0,0.0,0.0,1.0
461,1.5103765794626445,-0.573263210028591,-1.5883563857365295,0.5129030543148304,0.14480693264212707,0.8788822249147124,-1.3810017745519025,-0.37502002876513624,0.24940450108744586,0.3754614439641739,1.0,0.0,0.0,0.0,1.0,0.0
455,0.9329921149085703,0.7500124598866696,-0.7402594471006886,-0.5657649289935174,1.2990679320052618,-2.0490132783400514,1.4387815179033427,0.7309960716945422,1.6040836256991122,1.458799240879913,0.0,1.0,1.0,0.0,0.0,0.0
969,-1.1290952584988379,-0.28091160853568486,-0.8944588904890218,-0.8354319248206042,0.3519819838098688,-0.007399657151594703,0.6094334907106235,-1.4810361292248146,-1.1052746235242203,0.25969807491576197,0.0,1.0,0.0,0.0,1.0,0.0
815,0.025673670609310632,2.8426344495201046,0.7246352650884942,1.0522370459690042,-0.0031752467634031958,0.7522705274766684,0.6094334907106235,-0.37502002876513624,0.24940450108744586,2.4712967671839365,0.0,1.0,0.0,0.0,1.0,0.0
862,-0.139293319263282,-0.09113951633853494,0.33913665661765663,-1.3747659164747783,-0.7430861437910539,1.3695025524871325,-1.5468713799904465,-1.4810361292248146,-1.1052746235242203,-0.3018406555429542,1.0,0.0,0.0,0.0,1.0,0.0
269,-0.30426030913587465,-0.4040070196905924,-1.048658333877357,0.5129030543148304,1.0918928808375195,-1.3368224802510547,0.11182467439499223,1.8370121721542205,1.6040836256991122,0.20786373056572652,1.0,0.0,0.0,0.0,0.0,1.0
201,0.19064066048190328,-0.4450388234088952,-1.048658333877357,-0.9702654227341477,1.7134180343407466,-1.5583929507676317,0.11182467439499223,1.8370121721542205,1.6040836256991122,0.15430157473735626,1.0,0.0,0.0,1.0,0.0,0.0
161,1.5928600743989407,1.8937739885343559,1.418532760336,-0.8354319248206042,0.6775427785020354,0.15086496464596008,-0.717523352797727,-0.37502002876513624,0.24940450108744586,0.9836510843379218,0.0,1.0,0.0,0.0,0.0,1.0
555,0.43809114529079224,0.0011820420276458796,-0.508960282018186,-0.9702654227341477,0.4111748555720809,0.3091295864435149,-0.21991453648209575,-1.4810361292248146,-1.1052746235242203,0.3409052143974838,1.0,0.0,0.0,0.0,1.0,0.0
729,1.6753435693352372,1.2629100063654528,-0.12346167354734845,-0.026430937339343444,-2.045329322559719,0.5307000569600914,0.44356388527207946,-0.37502002876513624,-1.1052746235242203,1.5348229459266312,0.0,1.0,0.0,0.0,0.0,1.0
401,0.2731241554181996,-1.5067367446199762,0.10783749153515408,1.1870705438825477,-0.6542968361477357,1.242890855049088,-1.7127409854289901,-0.37502002876513624,-1.1052746235242203,-1.742835428473937,1.0,0.0,0.0,0.0,1.0,0.0
702,-1.7064797230529123,-0.26552468214132074,-1.2028577772656919,0.10840256057420003,-0.5655075285044175,0.8947086870944675,-0.717523352797727,-0.37502002876513624,0.24940450108744586,0.510230739274266,1.0,0.0,1.0,0.0,0.0,0.0
476,0.35560765035449593,1.9450637431822342,0.2620369349234891,-1.644432912301865,-0.5063146567422054,-0.48219352254425907,1.2729119124647987,-0.37502002876513624,-1.1052746235242203,1.9564089466402514,0.0,1.0,0.0,0.0,0.0,1.0
821,0.2731241554181996,0.3704682754923699,1.5727322037243352,-1.644432912301865,-0.1215609902878274,0.35660897298278144,1.1070423070262547,-1.4810361292248146,-1.1052746235242203,-0.5005389755514233,0.0,1.0,1.0,0.0,0.0,0.0
771,-1.7064797230529123,-0.7630353022257406,0.18493721322932158,1.5915710376231782,0.08561406087991495,1.337849628127621,-0.38578414192063976,-0.37502002876513624,0.24940450108744586,-0.9514977713967306,1.0,0.0,1.0,0.0,0.0,0.0
105,0.10815716554560696,-0.8143250568736189,0.49333610000599165,-0.7005984269070609,1.5654358549352163,-1.1785578584535,0.11182467439499223,1.8370121721542205,1.6040836256991122,-1.148468279926865,1.0,0.0,0.0,0.0,0.0,1.0
565,-0.386743804072171,-0.20910595202865492,-0.35476083862985097,-0.7005984269070609,-1.7493649637486586,0.11921204028644924,1.2729119124647987,-1.4810361292248146,-1.1052746235242203,-0.016751761617760073,0.0,1.0,1.0,0.0,0.0,0.0
389,-0.22177681419957834,-0.8143250568736189,1.72693164711267,0.24323605848774352,-0.5063146567422054,-0.4030612116454817,1.2729119124647987,0.7309960716945422,0.24940450108744586,-1.62534424794719,0.0,1.0,0.0,0.0,1.0,0.0
1,0.6030581351633849,0.14479335504170573,-1.511256664042362,0.5129030543148304,0.115210496761021,1.4011554768466428,-0.883392958236271,0.7309960716945422,0.24940450108744586,1.3499471177448383,1.0,0.0,0.0,1.0,0.0,0.0
911,0.19064066048190328,1.4885849268161169,0.8017349867826616,0.5129030543148304,-1.3942077331753864,0.5623529813196028,0.9411727015877115,-1.4810361292248146,-1.1052746235242203,1.0372132401662921,0.0,1.0,0.0,0.0,0.0,1.0
955,-0.5517107939447636,1.5757775097175102,1.9582308121951726,-0.16126443525288692,-0.0623681185256153,0.4357412838815588,0.2776942798335355,-0.37502002876513624,0.24940450108744586,0.35127208326749065,0.0,1.0,0.0,0.0,1.0,0.0
561,-0.22177681419957834,1.2167492271823621,1.0330341518651642,0.378069556401287,0.3223855479287634,-0.608805219982303,0.9411727015877115,-0.37502002876513624,-1.1052746235242203,0.6052603705826642,0.0,1.0,0.0,1.0,0.0,0.0
80,-1.7064797230529123,-1.0143551000003446,0.10783749153515408,-0.5657649289935174,-0.18075386205003952,0.6889646787576461,-0.717523352797727,-1.4810361292248146,-1.1052746235242203,-1.1951191898418967,1.0,0.0,1.0,0.0,0.0,0.0
205,0.025673670609310632,-0.8297119832679826,-0.12346167354734845,-0.4309314310799739,2.0389788290329123,-0.877855077038146,0.11182467439499223,1.8370121721542205,1.6040836256991122,-0.8754740663500119,1.0,0.0,0.0,0.0,0.0,1.0
34,-0.05680982432698569,0.4781767602529148,-0.12346167354734845,-0.5657649289935174,0.7663320861453535,-2.349716059755406,1.4387815179033427,1.8370121721542205,1.6040836256991122,0.6311775427576817,0.0,1.0,0.0,1.0,0.0,0.0
775,0.35560765035449593,1.2116202517175745,0.33913665661765663,-1.644432912301865,-0.5359110926233115,-0.13401135458963864,1.2729119124647987,-0.37502002876513624,-1.1052746235242203,1.0994144533863344,0.0,1.0,0.0,1.0,0.0,0.0
508,-0.386743804072171,-0.31681443678919907,-0.8173591687948544,-0.8354319248206042,-1.3350148614131743,0.5940059056791136,-0.717523352797727,-1.4810361292248146,-1.1052746235242203,0.15948500917236,0.0,1.0,0.0,0.0,0.0,1.0
427,1.1804425997174592,1.6937439454076302,0.8788347084768292,-0.026430937339343444,-1.690172091986447,-0.27644951420743774,0.44356388527207946,-0.37502002876513624,-1.1052746235242203,1.184077215824725,0.0,1.0,1.0,0.0,0.0,0.0
454,0.9329921149085703,-0.14242927098641325,-0.35476083862985097,-1.5095994143883216,-0.18075386205003952,0.8314028383754458,-1.049262563674815,-1.4810361292248146,-1.1052746235242203,0.06272756638562758,1.0,0.0,0.0,1.0,0.0,0.0
366,0.2731241554181996,0.2217279870135232,1.8811310905010052,0.378069556401287,-0.35833247733667584,-0.33975536292645997,-0.054044931043551764,-0.37502002876513624,0.24940450108744586,-0.7769888120849447,0.0,1.0,0.0,1.0,0.0,0.0
91,1.0979591047811628,-0.5424893572398639,-0.27766111693568346,0.10840256057420003,1.5950322908163224,-1.5109135642283653,0.11182467439499223,0.7309960716945422,1.6040836256991122,-0.45907150007139474,1.0,0.0,1.0,0.0,0.0,0.0
339,1.5103765794626445,-1.3323515788171898,0.2620369349234891,-0.2960979331664304,0.5295605990965051,0.11921204028644924,-1.5468713799904465,-0.37502002876513624,0.24940450108744586,-1.6080661331638448,1.0,0.0,0.0,0.0,1.0,0.0
897,0.10815716554560696,0.4217580301402482,0.2620369349234891,1.5915710376231782,1.0918928808375195,-1.8907486565424967,1.4387815179033427,1.8370121721542205,1.6040836256991122,0.2994377389174558,0.0,1.0,0.0,0.0,1.0,0.0
564,0.025673670609310632,0.6782068033796398,1.2643333169476652,-0.16126443525288692,-1.4534006049375985,0.40408835952204797,1.6046511233418868,-1.4810361292248146,-1.1052746235242203,-0.05303580266278496,0.0,1.0,0.0,0.0,1.0,0.0
776,1.0154756098448665,-0.6707137438595597,-0.5860600037123536,-1.2399324185612348,-0.1215609902878274,-0.6879375308810805,-0.5516537473591837,-0.37502002876513624,0.24940450108744586,-0.4348821393747115,0.0,1.0,0.0,1.0,0.0,0.0
241,-1.6239962281166158,1.9860955469005368,1.418532760336,-1.1050989206476913,0.14480693264212707,-0.27644951420743774,0.44356388527207946,-1.4810361292248146,-1.1052746235242203,1.0683138467763131,0.0,1.0,0.0,0.0,1.0,0.0
13,0.19064066048190328,1.1500725461401204,2.1124302555835075,0.9174035480554609,-0.2399467338122516,0.40408835952204797,1.7705207287804308,-0.37502002876513624,-1.1052746235242203,-0.09795890109948191,0.0,1.0,0.0,1.0,0.0,0.0
315,0.7680251250359775,-0.4706837007328344,-1.1257580555715243,0.9174035480554609,2.1277681366762304,-0.7987227661393687,0.11182467439499223,0.7309960716945422,1.6040836256991122,0.17503531247737059,1.0,0.0,0.0,0.0,1.0,0.0
600,1.2629260946537555,-0.024462835296293277,1.0330341518651642,1.0522370459690042,-0.35833247733667584,0.04007972938767185,-0.717523352797727,-0.37502002876513624,0.24940450108744586,-0.6024798527731595,0.0,1.0,0.0,0.0,0.0,1.0
387,-0.22177681419957834,-1.2759328487045236,0.10783749153515408,-1.2399324185612348,0.7071392143831414,1.1321056197908002,-1.7127409854289901,0.7309960716945422,0.24940450108744586,-1.4853915182020947,1.0,0.0,1.0,0.0,0.0,0.0
273,1.5928600743989407,-0.35271726504271406,-0.7402594471006886,-1.2399324185612348,-0.4175253490988873,0.05590619156742699,-1.049262563674815,-0.37502002876513624,0.24940450108744586,0.06099975490729281,1.0,0.0,0.0,1.0,0.0,0.0
166,0.43809114529079224,-0.6655847683947719,-1.5883563857365295,-0.8354319248206042,0.9439107014319897,-1.0519461610154566,0.11182467439499223,1.8370121721542205,1.6040836256991122,0.24069214865408184,1.0,0.0,0.0,0.0,0.0,1.0
840,1.2629260946537555,-0.7989381304792555,0.18493721322932158,0.5129030543148304,1.4766465472918981,-1.542566488587876,0.11182467439499223,1.8370121721542205,1.6040836256991122,-0.9912374353984245,1.0,0.0,0.0,1.0,0.0,0.0
965,-1.2940622483714306,-1.4349310881129465,-0.8173591687948544,-0.5657649289935174,-2.015732886678613,0.10338557810669353,0.11182467439499223,-1.4810361292248146,-1.1052746235242203,-1.2763263293236187,1.0,0.0,0.0,0.0,0.0,1.0
646,-1.3765457433077268,0.8423340182528505,-0.8173591687948544,0.9174035480554609,1.8318037778651701,-2.2705837488566285,1.4387815179033427,1.8370121721542205,1.6040836256991122,1.6471306920183741,0.0,1.0,0.0,0.0,1.0,0.0
818,-0.386743804072171,-0.388620093296229,0.41623637831182414,0.24323605848774352,0.20399980440433915,0.4357412838815588,-1.3810017745519025,0.7309960716945422,0.24940450108744586,-0.6612254430365329,1.0,0.0,0.0,0.0,0.0,1.0
484,0.2731241554181996,0.6730778279148523,0.6475355433943266,0.378069556401287,0.8255249579075656,-1.795789883463964,1.4387815179033427,1.8370121721542205,1.6040836256991122,0.3149880422224664,0.0,1.0,0.0,0.0,0.0,1.0
953,0.9329921149085703,-0.21423492749344245,0.33913665661765663,1.4567375397096347,-0.6838932720288418,1.2587173172288437,-0.38578414192063976,-0.37502002876513624,0.24940450108744586,-0.4348821393747115,1.0,0.0,0.0,0.0,0.0,1.0
504,0.2731241554181996,-1.3067067014932507,0.33913665661765663,0.10840256057420003,-1.926943579035295,0.4832206704208254,-0.054044931043551764,-1.4810361292248146,-1.1052746235242203,-1.6097939446421796,1.0,0.0,0.0,0.0,0.0,1.0
831,1.5103765794626445,0.6935937297740031,-0.27766111693568346,-1.644432912301865,1.4766465472918981,-1.9540545052615188,1.4387815179033427,1.8370121721542205,1.6040836256991122,0.9992013876429323,0.0,1.0,0.0,0.0,0.0,1.0
243,-0.7991612787536526,-0.839969934197558,-0.8944588904890218,-1.5095994143883216,0.44077129145318694,0.5781794434993579,-0.5516537473591837,-0.37502002876513624,-1.1052746235242203,-0.4659827459847332,0.0,1.0,0.0,0.0,1.0,0.0
566,-1.2115787534351343,-0.9989681736059809,-1.2028577772656919,-0.2960979331664304,0.08561406087991495,1.084626233251533,-0.38578414192063976,-1.4810361292248146,-1.1052746235242203,-0.49189991815975065,1.0,0.0,0.0,1.0,0.0,0.0
875,-1.3765457433077268,-0.055236688085019976,-0.8173591687948544,0.7825700501419174,-1.039050502602114,-0.608805219982303,1.4387815179033427,-1.4810361292248146,-1.1052746235242203,0.49468043596925537,0.0,1.0,0.0,1.0,0.0,0.0
562,-1.1290952584988379,2.488735142449744,0.8017349867826616,-1.5095994143883216,-0.6542968361477357,-0.43471413600499254,-0.21991453648209575,-0.37502002876513624,0.24940450108744586,2.042799520556977,0.0,1.0,1.0,0.0,0.0,0.0
686,-1.0466117635625416,-0.839969934197558,-0.35476083862985097,-1.1050989206476913,-0.3879289132177819,-0.5296729090835256,0.44356388527207946,-0.37502002876513624,-1.1052746235242203,-0.7700775661716068,0.0,1.0,0.0,0.0,0.0,1.0
189,0.9329921149085703,-0.7681642776905284,1.418532760336,0.7825700501419174,-0.5063146567422054,0.7047911409374018,0.11182467439499223,0.7309960716945422,0.24940450108744586,-1.4750246493320875,0.0,1.0,0.0,0.0,0.0,1.0
782,0.025673670609310632,-0.8245830078031947,-0.9715586121831894,0.9174035480554609,-1.098243374364326,1.195411468509822,-1.049262563674815,-1.4810361292248146,-1.1052746235242203,-0.40032590980802135,1.0,0.0,0.0,0.0,0.0,1.0
699,1.0154756098448665,-0.8912596888454364,-1.511256664042362,0.9174035480554609,-0.44712178497999333,0.277476662084004,-1.049262563674815,0.7309960716945422,0.24940450108744586,-0.1411541880578447,1.0,0.0,0.0,1.0,0.0,0.0
475,-0.9641282686262452,0.883365821971153,-0.663159725406521,0.24323605848774352,1.6542251625785345,-2.0490132783400514,1.4387815179033427,0.7309960716945422,1.6040836256991122,1.5572844951449802,0.0,1.0,0.0,1.0,0.0,0.0
681,-0.9641282686262452,1.8424842338864775,0.5704358217001592,1.0522370459690042,0.3519819838098688,0.5623529813196028,-0.21991453648209575,0.7309960716945422,0.24940450108744586,1.579746044363328,0.0,1.0,1.0,0.0,0.0,0.0
510,0.2731241554181996,-0.4296518970145315,1.9582308121951726,0.9174035480554609,0.3223855479287634,-0.1656642789491495,0.6094334907106235,-1.4810361292248146,-1.1052746235242203,-1.371355960632017,0.0,1.0,0.0,0.0,0.0,1.0
58,0.6030581351633849,-0.5681342345638031,-0.12346167354734845,-0.16126443525288692,1.2102786243619437,-1.1469049340939892,0.11182467439499223,0.7309960716945422,1.6040836256991122,-0.5748348691198073,1.0,0.0,1.0,0.0,0.0,0.0
474,0.35560765035449593,-1.5323816219439153,-0.5860600037123536,-0.4309314310799739,0.20399980440433915,1.5119407121049315,-0.5516537473591837,-0.37502002876513624,0.24940450108744586,-1.500941821507105,1.0,0.0,1.0,0.0,0.0,0.0
560,1.3454095895900517,0.21659901154873495,0.030737769840986567,0.378069556401287,-0.5359110926233115,1.1004526954312888,-0.054044931043551764,-0.37502002876513624,-1.1052746235242203,0.22514184534907125,1.0,0.0,0.0,0.0,0.0,1.0
856,1.2629260946537555,-0.23475082935259406,-1.4341569423481944,-1.644432912301865,-1.6013827843431288,0.024253267207916145,-1.8786105908675341,-0.37502002876513624,-1.1052746235242203,0.7383018544144215,1.0,0.0,1.0,0.0,0.0,0.0
747,-0.4692272990084673,-1.3426095297467657,1.2643333169476652,-1.644432912301865,0.5591570349776112,-0.5454993712632807,0.44356388527207946,-0.37502002876513624,0.24940450108744586,-1.9588118632657507,0.0,1.0,1.0,0.0,0.0,0.0
252,-1.5415127331803196,0.19608310968958406,0.030737769840986567,0.10840256057420003,0.38157841969097483,0.8788822249147124,-0.883392958236271,0.7309960716945422,0.24940450108744586,0.20268029613072278,1.0,0.0,0.0,0.0,1.0,0.0
21,-0.05680982432698569,-0.0090759089019292,0.33913665661765663,1.3219040417960912,-0.4175253490988873,0.10338557810669353,0.7753030961491675,-1.4810361292248146,-1.1052746235242203,-0.21372227014789444,0.0,1.0,1.0,0.0,0.0,0.0
313,0.19064066048190328,0.23711491340788657,0.49333610000599165,-0.8354319248206042,0.4111748555720809,1.4169819390263985,-1.049262563674815,0.7309960716945422,0.24940450108744586,-0.042668933792777496,1.0,0.0,0.0,0.0,0.0,1.0
459,-1.7064797230529123,-0.5168444799159247,0.9559344301709967,-1.2399324185612348,-1.1278398102454321,-0.21314366548841604,0.6094334907106235,-0.37502002876513624,-1.1052746235242203,-1.0482552141834631,0.0,1.0,0.0,0.0,1.0,0.0
160,-0.7166777838173563,1.8373552584216901,-0.508960282018186,0.24323605848774352,-0.5359110926233115,0.7047911409374018,0.2776942798335355,-0.37502002876513624,0.24940450108744586,2.5870601362323478,0.0,1.0,1.0,0.0,0.0,0.0
276,-1.4590292382440233,-0.6194239892116814,-0.20056139524151598,-1.3747659164747783,2.0981717007951244,-0.9411609257571677,0.11182467439499223,1.8370121721542205,1.6040836256991122,-0.592112983903152,1.0,0.0,0.0,0.0,1.0,0.0
191,-0.22177681419957834,-0.1475582464512008,-0.5860600037123536,0.378069556401287,-0.09196455440672135,0.34078251080302574,0.11182467439499223,-0.37502002876513624,-1.1052746235242203,0.21304716500073023,0.0,1.0,0.0,0.0,1.0,0.0
385,1.6753435693352372,-1.537510597408703,-0.5860600037123536,-0.4309314310799739,-0.1215609902878274,1.2587173172288437,-0.717523352797727,-1.4810361292248146,-1.1052746235242203,-1.5078530674204431,1.0,0.0,0.0,0.0,1.0,0.0
805,1.3454095895900517,0.6474329505909131,0.49333610000599165,-1.3747659164747783,-0.21035029793114554,-0.27644951420743774,-0.38578414192063976,-0.37502002876513624,0.24940450108744586,0.3875561243125155,0.0,1.0,1.0,0.0,0.0,0.0
413,1.2629260946537555,-0.8963886643102242,0.2620369349234891,-0.8354319248206042,0.056017624998808906,0.3724354351625366,1.1070423070262547,0.7309960716945422,0.24940450108744586,-1.1329179766218545,0.0,1.0,1.0,0.0,0.0,0.0
491,1.0979591047811628,-1.4349310881129465,-0.8173591687948544,-0.16126443525288692,0.44077129145318694,1.5435936364644418,-1.7127409854289901,-0.37502002876513624,-1.1052746235242203,-1.2763263293236187,1.0,0.0,0.0,1.0,0.0,0.0
343,0.6030581351633849,-1.3887703089298562,0.33913665661765663,-0.5657649289935174,0.6479463426209293,0.6414852922183801,1.6046511233418868,-0.37502002876513624,0.24940450108744586,-1.6979123300372396,0.0,1.0,1.0,0.0,0.0,0.0
769,-0.05680982432698569,-0.7373904249018014,-1.2799574989598594,-1.1050989206476913,1.1214893167186255,-1.3368224802510547,0.11182467439499223,1.8370121721542205,1.6040836256991122,-0.08240859779447132,1.0,0.0,0.0,1.0,0.0,0.0
308,0.6030581351633849,-0.8707437869862851,-0.04636195185318095,0.5129030543148304,0.499964163215399,-0.7195904552405913,1.6046511233418868,-0.37502002876513624,0.24940450108744586,-0.9618646402667376,0.0,1.0,0.0,0.0,0.0,1.0
661,0.43809114529079224,1.5501326323935711,-0.7402594471006886,-1.3747659164747783,0.2335962402854452,-0.6562846065215696,-0.054044931043551764,0.7309960716945422,0.24940450108744586,2.4730245786622707,0.0,1.0,0.0,0.0,0.0,1.0
130,0.8505086199722739,-1.3785123580002803,0.10783749153515408,1.4567375397096347,-0.0623681185256153,0.9105351492742232,-0.883392958236271,-0.37502002876513624,0.24940450108744586,-1.5994270757721725,1.0,0.0,0.0,0.0,1.0,0.0
663,0.9329921149085703,-0.7989381304792555,-0.9715586121831894,-0.16126443525288692,1.8318037778651701,-0.9253344635774126,0.11182467439499223,1.8370121721542205,1.6040836256991122,-0.3657696802413313,1.0,0.0,0.0,0.0,0.0,1.0
871,-0.5517107939447636,-1.1682243639439795,-0.8173591687948544,1.5915710376231782,-0.2399467338122516,0.673138216577891,-0.21991453648209575,-0.37502002876513624,0.24940450108744586,-0.9324918451350511,0.0,1.0,0.0,0.0,1.0,0.0
99,-1.2115787534351343,-0.6142950137468935,0.49333610000599165,0.10840256057420003,2.0981717007951244,-1.4476077155093432,0.11182467439499223,0.7309960716945422,1.6040836256991122,-0.9376752795700543,1.0,0.0,1.0,0.0,0.0,0.0
372,1.2629260946537555,-1.245158995915797,-0.9715586121831894,-0.9702654227341477,-0.21035029793114554,0.15086496464596008,-0.5516537473591837,0.7309960716945422,0.24940450108744586,-0.9532255828750649,1.0,0.0,1.0,0.0,0.0,0.0
87,0.19064066048190328,-0.875872762451073,-1.357057220654027,0.378069556401287,0.5591570349776112,1.0054939223527557,-1.049262563674815,0.7309960716945422,0.24940450108744586,-0.2240891390179013,1.0,0.0,0.0,0.0,1.0,0.0
458,-1.5415127331803196,2.678507234646894,0.7246352650884942,0.10840256057420003,-0.03277168264450925,-0.4188876738252374,0.9411727015877115,-0.37502002876513624,0.24940450108744586,2.3054268652638235,0.0,1.0,1.0,0.0,0.0,0.0
330,0.8505086199722739,0.6628198769852764,-0.35476083862985097,1.5915710376231782,1.6542251625785345,-2.175624975778095,1.4387815179033427,0.7309960716945422,1.6040836256991122,1.0251185598179504,0.0,1.0,0.0,1.0,0.0,0.0
214,-0.139293319263282,-1.178482314873555,0.10783749153515408,-1.3747659164747783,-0.44712178497999333,-0.43471413600499254,-0.054044931043551764,-0.37502002876513624,0.24940450108744586,-1.3765393950670206,0.0,1.0,0.0,0.0,0.0,1.0
466,0.7680251250359775,-0.029591810761080816,-0.663159725406521,-0.2960979331664304,0.5887534708587172,1.1795850063300661,-1.215132169113359,0.7309960716945422,0.24940450108744586,0.41347329648753295,1.0,0.0,0.0,0.0,0.0,1.0
121,-0.63419428888106,0.7448834844218815,0.2620369349234891,0.5129030543148304,0.08561406087991495,0.6098323678588687,1.1070423070262547,-0.37502002876513624,0.24940450108744586,0.651911280497696,0.0,1.0,0.0,0.0,1.0,0.0
20,-1.6239962281166158,0.8679788955767896,0.33913665661765663,1.3219040417960912,0.7071392143831414,0.6098323678588687,1.7705207287804308,0.7309960716945422,0.24940450108744586,0.7296627970227488,0.0,1.0,0.0,0.0,1.0,0.0
700,-1.5415127331803196,1.0372350859147879,1.6498319254185025,1.1870705438825477,-0.35833247733667584,-0.11818489240988295,-0.883392958236271,-0.37502002876513624,0.24940450108744586,0.05754413195062386,0.0,1.0,0.0,1.0,0.0,0.0
71,-0.05680982432698569,-0.5476183327046519,-1.4341569423481944,0.9174035480554609,0.6183499067398233,0.8788822249147124,0.11182467439499223,-0.37502002876513624,0.24940450108744586,0.29425430448245204,1.0,0.0,0.0,1.0,0.0,0.0
106,0.19064066048190328,-0.01933385983150501,1.8040313688068377,-1.5095994143883216,-2.222907937846355,0.35660897298278144,-0.21991453648209575,-1.4810361292248146,-1.1052746235242203,-0.9549533943533997,0.0,1.0,0.0,0.0,0.0,1.0
270,-1.6239962281166158,-0.6809716947891356,0.33913665661765663,-1.2399324185612348,0.4111748555720809,1.2270643928693323,0.11182467439499223,-1.4810361292248146,-1.1052746235242203,-0.9359474680917201,1.0,0.0,0.0,1.0,0.0,0.0
860,-1.2940622483714306,-0.7886801795496797,-1.357057220654027,1.4567375397096347,0.3519819838098688,1.4169819390263985,-1.215132169113359,0.7309960716945422,0.24940450108744586,-0.10141452405615085,1.0,0.0,1.0,0.0,0.0,0.0
435,1.0154756098448665,-0.8091960814088314,-1.7425558291248646,0.5129030543148304,0.499964163215399,0.3724354351625366,-0.38578414192063976,-0.37502002876513624,-1.1052746235242203,0.1439347058673494,1.0,0.0,1.0,0.0,0.0,0.0
102,-0.7991612787536526,-0.691229645718711,-0.8944588904890218,1.3219040417960912,-0.18075386205003952,-0.2606230520276826,-1.049262563674815,-0.37502002876513624,0.24940450108744586,-0.2724678604112678,0.0,1.0,0.0,0.0,0.0,1.0
